State,StateAbbreviation,County,Party,Candidate,Votes,FractionVotes
Iowa,IA,Adair,Democrat,Hillary Clinton,,0.56
Iowa,IA,Adams,Democrat,Hillary Clinton,,0.57
Iowa,IA,Allamakee,Democrat,Hillary Clinton,,0.51
Iowa,IA,Appanoose,Democrat,Hillary Clinton,,0.55
Iowa,IA,Audubon,Democrat,Hillary Clinton,,0.63
Iowa,IA,Benton,Democrat,Hillary Clinton,,0.56
Iowa,IA,Black Hawk,Democrat,Bernie Sanders,,0.53
Iowa,IA,Boone,Democrat,Bernie Sanders,,0.55
Iowa,IA,Bremer,Democrat,Hillary Clinton,,0.53
Iowa,IA,Buchanan,Democrat,Hillary Clinton,,0.53
Iowa,IA,Buena Vista,Democrat,Hillary Clinton,,0.48
Iowa,IA,Butler,Democrat,Bernie Sanders,,0.58
Iowa,IA,Calhoun,Democrat,Hillary Clinton,,0.5
Iowa,IA,Carroll,Democrat,Hillary Clinton,,0.63
Iowa,IA,Cass,Democrat,Hillary Clinton,,0.6
Iowa,IA,Cedar,Democrat,Bernie Sanders,,0.56
Iowa,IA,Cerro Gordo,Democrat,Hillary Clinton,,0.5
Iowa,IA,Cherokee,Democrat,Bernie Sanders,,0.55
Iowa,IA,Chickasaw,Democrat,Hillary Clinton,,0.6
Iowa,IA,Clarke,Democrat,Hillary Clinton,,0.58
Iowa,IA,Clay,Democrat,Bernie Sanders,,0.51
Iowa,IA,Clayton,Democrat,Bernie Sanders,,0.51
Iowa,IA,Clinton,Democrat,Bernie Sanders,,0.51
Iowa,IA,Crawford,Democrat,Hillary Clinton,,0.45
Iowa,IA,Dallas,Democrat,Hillary Clinton,,0.57
Iowa,IA,Davis,Democrat,Hillary Clinton,,0.58
Iowa,IA,Decatur,Democrat,Hillary Clinton,,0.5
Iowa,IA,Delaware,Democrat,Hillary Clinton,,0.55
Iowa,IA,Des Moines,Democrat,Bernie Sanders,,0.53
Iowa,IA,Dickinson,Democrat,Bernie Sanders,,0.51
Iowa,IA,Dubuque,Democrat,Hillary Clinton,,0.52
Iowa,IA,Emmet,Democrat,Hillary Clinton,,0.56
Iowa,IA,Fayette,Democrat,Hillary Clinton,,0.53
Iowa,IA,Floyd,Democrat,Hillary Clinton,,0.57
Iowa,IA,Franklin,Democrat,Hillary Clinton,,0.57
Iowa,IA,Fremont,Democrat,Bernie Sanders,,0.5
Iowa,IA,Greene,Democrat,Hillary Clinton,,0.54
Iowa,IA,Grundy,Democrat,Bernie Sanders,,0.52
Iowa,IA,Guthrie,Democrat,Hillary Clinton,,0.55
Iowa,IA,Hamilton,Democrat,Hillary Clinton,,0.59
Iowa,IA,Hancock,Democrat,Hillary Clinton,,0.61
Iowa,IA,Hardin,Democrat,Hillary Clinton,,0.58
Iowa,IA,Harrison,Democrat,Bernie Sanders,,0.55
Iowa,IA,Henry,Democrat,Hillary Clinton,,0.5
Iowa,IA,Howard,Democrat,Bernie Sanders,,0.54
Iowa,IA,Humboldt,Democrat,Hillary Clinton,,0.56
Iowa,IA,Ida,Democrat,Hillary Clinton,,0.53
Iowa,IA,Iowa,Democrat,Hillary Clinton,,0.51
Iowa,IA,Jackson,Democrat,Hillary Clinton,,0.5
Iowa,IA,Jasper,Democrat,Hillary Clinton,,0.52
Iowa,IA,Jefferson,Democrat,Bernie Sanders,,0.73
Iowa,IA,Johnson,Democrat,Bernie Sanders,,0.59
Iowa,IA,Jones,Democrat,Bernie Sanders,,0.53
Iowa,IA,Keokuk,Democrat,Hillary Clinton,,0.63
Iowa,IA,Kossuth,Democrat,Hillary Clinton,,0.61
Iowa,IA,Lee,Democrat,Hillary Clinton,,0.55
Iowa,IA,Linn,Democrat,Bernie Sanders,,0.52
Iowa,IA,Louisa,Democrat,Hillary Clinton,,0.56
Iowa,IA,Lucas,Democrat,Hillary Clinton,,0.6
Iowa,IA,Lyon,Democrat,Bernie Sanders,,0.57
Iowa,IA,Madison,Democrat,Hillary Clinton,,0.53
Iowa,IA,Mahaska,Democrat,Hillary Clinton,,0.56
Iowa,IA,Marion,Democrat,Hillary Clinton,,0.5
Iowa,IA,Marshall,Democrat,Bernie Sanders,,0.53
Iowa,IA,Mills,Democrat,Hillary Clinton,,0.51
Iowa,IA,Mitchell,Democrat,Hillary Clinton,,0.65
Iowa,IA,Monona,Democrat,Hillary Clinton,,0.6
Iowa,IA,Monroe,Democrat,Bernie Sanders,,0.45
Iowa,IA,Montgomery,Democrat,Bernie Sanders,,0.64
Iowa,IA,Muscatine,Democrat,Bernie Sanders,,0.54
Iowa,IA,O'Brien,Democrat,Hillary Clinton,,0.51
Iowa,IA,Osceola,Democrat,Hillary Clinton,,0.57
Iowa,IA,Page,Democrat,Bernie Sanders,,0.51
Iowa,IA,Palo Alto,Democrat,Hillary Clinton,,0.53
Iowa,IA,Plymouth,Democrat,Hillary Clinton,,0.55
Iowa,IA,Pocahontas,Democrat,Hillary Clinton,,0.66
Iowa,IA,Polk,Democrat,Hillary Clinton,,0.53
Iowa,IA,Pottawattamie,Democrat,Bernie Sanders,,0.51
Iowa,IA,Poweshiek,Democrat,Bernie Sanders,,0.53
Iowa,IA,Ringgold,Democrat,Hillary Clinton,,0.66
Iowa,IA,Sac,Democrat,Hillary Clinton,,0.55
Iowa,IA,Scott,Democrat,Bernie Sanders,,0.51
Iowa,IA,Shelby,Democrat,Bernie Sanders,,0.58
Iowa,IA,Sioux,Democrat,Bernie Sanders,,0.51
Iowa,IA,Story,Democrat,Bernie Sanders,,0.6
Iowa,IA,Tama,Democrat,Hillary Clinton,,0.53
Iowa,IA,Taylor,Democrat,Hillary Clinton,,0.7
Iowa,IA,Union,Democrat,Bernie Sanders,,0.54
Iowa,IA,Van Buren,Democrat,Bernie Sanders,,0.53
Iowa,IA,Wapello,Democrat,Hillary Clinton,,0.55
Iowa,IA,Warren,Democrat,Hillary Clinton,,0.55
Iowa,IA,Washington,Democrat,Hillary Clinton,,0.54
Iowa,IA,Wayne,Democrat,Hillary Clinton,,0.65
Iowa,IA,Webster,Democrat,Hillary Clinton,,0.54
Iowa,IA,Winnebago,Democrat,Bernie Sanders,,0.58
Iowa,IA,Winneshiek,Democrat,Bernie Sanders,,0.56
Iowa,IA,Woodbury,Democrat,Bernie Sanders,,0.53
Iowa,IA,Worth,Democrat,Bernie Sanders,,0.55
Iowa,IA,Wright,Democrat,Hillary Clinton,,0.55
Iowa,IA,Adair,Democrat,Bernie Sanders,,0.44
Iowa,IA,Adams,Democrat,Bernie Sanders,,0.43
Iowa,IA,Allamakee,Democrat,Bernie Sanders,,0.49
Iowa,IA,Appanoose,Democrat,Bernie Sanders,,0.45
Iowa,IA,Audubon,Democrat,Bernie Sanders,,0.37
Iowa,IA,Benton,Democrat,Bernie Sanders,,0.44
Iowa,IA,Black Hawk,Democrat,Hillary Clinton,,0.47
Iowa,IA,Boone,Democrat,Hillary Clinton,,0.45
Iowa,IA,Bremer,Democrat,Bernie Sanders,,0.45
Iowa,IA,Buchanan,Democrat,Bernie Sanders,,0.47
Iowa,IA,Buena Vista,Democrat,Bernie Sanders,,0.48
Iowa,IA,Butler,Democrat,Hillary Clinton,,0.42
Iowa,IA,Calhoun,Democrat,Bernie Sanders,,0.5
Iowa,IA,Carroll,Democrat,Bernie Sanders,,0.37
Iowa,IA,Cass,Democrat,Bernie Sanders,,0.38
Iowa,IA,Cedar,Democrat,Hillary Clinton,,0.44
Iowa,IA,Cerro Gordo,Democrat,Bernie Sanders,,0.5
Iowa,IA,Cherokee,Democrat,Hillary Clinton,,0.45
Iowa,IA,Chickasaw,Democrat,Bernie Sanders,,0.39
Iowa,IA,Clarke,Democrat,Bernie Sanders,,0.42
Iowa,IA,Clay,Democrat,Hillary Clinton,,0.49
Iowa,IA,Clayton,Democrat,Hillary Clinton,,0.49
Iowa,IA,Clinton,Democrat,Hillary Clinton,,0.49
Iowa,IA,Crawford,Democrat,Bernie Sanders,,0.42
Iowa,IA,Dallas,Democrat,Bernie Sanders,,0.42
Iowa,IA,Davis,Democrat,Bernie Sanders,,0.42
Iowa,IA,Decatur,Democrat,Bernie Sanders,,0.47
Iowa,IA,Delaware,Democrat,Bernie Sanders,,0.43
Iowa,IA,Des Moines,Democrat,Hillary Clinton,,0.47
Iowa,IA,Dickinson,Democrat,Hillary Clinton,,0.49
Iowa,IA,Dubuque,Democrat,Bernie Sanders,,0.47
Iowa,IA,Emmet,Democrat,Bernie Sanders,,0.44
Iowa,IA,Fayette,Democrat,Bernie Sanders,,0.47
Iowa,IA,Floyd,Democrat,Bernie Sanders,,0.43
Iowa,IA,Franklin,Democrat,Bernie Sanders,,0.42
Iowa,IA,Fremont,Democrat,Hillary Clinton,,0.44
Iowa,IA,Greene,Democrat,Bernie Sanders,,0.46
Iowa,IA,Grundy,Democrat,Hillary Clinton,,0.47
Iowa,IA,Guthrie,Democrat,Bernie Sanders,,0.45
Iowa,IA,Hamilton,Democrat,Bernie Sanders,,0.41
Iowa,IA,Hancock,Democrat,Bernie Sanders,,0.39
Iowa,IA,Hardin,Democrat,Bernie Sanders,,0.42
Iowa,IA,Harrison,Democrat,Hillary Clinton,,0.45
Iowa,IA,Henry,Democrat,Bernie Sanders,,0.5
Iowa,IA,Howard,Democrat,Hillary Clinton,,0.46
Iowa,IA,Humboldt,Democrat,Bernie Sanders,,0.44
Iowa,IA,Ida,Democrat,Bernie Sanders,,0.47
Iowa,IA,Iowa,Democrat,Bernie Sanders,,0.49
Iowa,IA,Jackson,Democrat,Bernie Sanders,,0.46
Iowa,IA,Jasper,Democrat,Bernie Sanders,,0.45
Iowa,IA,Jefferson,Democrat,Hillary Clinton,,0.27
Iowa,IA,Johnson,Democrat,Hillary Clinton,,0.4
Iowa,IA,Jones,Democrat,Hillary Clinton,,0.47
Iowa,IA,Keokuk,Democrat,Bernie Sanders,,0.35
Iowa,IA,Kossuth,Democrat,Bernie Sanders,,0.36
Iowa,IA,Lee,Democrat,Bernie Sanders,,0.45
Iowa,IA,Linn,Democrat,Hillary Clinton,,0.47
Iowa,IA,Louisa,Democrat,Bernie Sanders,,0.42
Iowa,IA,Lucas,Democrat,Bernie Sanders,,0.4
Iowa,IA,Lyon,Democrat,Hillary Clinton,,0.4
Iowa,IA,Madison,Democrat,Bernie Sanders,,0.47
Iowa,IA,Mahaska,Democrat,Bernie Sanders,,0.44
Iowa,IA,Marion,Democrat,Bernie Sanders,,0.48
Iowa,IA,Marshall,Democrat,Hillary Clinton,,0.47
Iowa,IA,Mills,Democrat,Bernie Sanders,,0.49
Iowa,IA,Mitchell,Democrat,Bernie Sanders,,0.34
Iowa,IA,Monona,Democrat,Bernie Sanders,,0.39
Iowa,IA,Monroe,Democrat,Hillary Clinton,,0.43
Iowa,IA,Montgomery,Democrat,Hillary Clinton,,0.36
Iowa,IA,Muscatine,Democrat,Hillary Clinton,,0.46
Iowa,IA,O'Brien,Democrat,Bernie Sanders,,0.47
Iowa,IA,Osceola,Democrat,Bernie Sanders,,0.38
Iowa,IA,Page,Democrat,Hillary Clinton,,0.49
Iowa,IA,Palo Alto,Democrat,Bernie Sanders,,0.47
Iowa,IA,Plymouth,Democrat,Bernie Sanders,,0.45
Iowa,IA,Pocahontas,Democrat,Bernie Sanders,,0.3
Iowa,IA,Polk,Democrat,Bernie Sanders,,0.46
Iowa,IA,Pottawattamie,Democrat,Hillary Clinton,,0.49
Iowa,IA,Poweshiek,Democrat,Hillary Clinton,,0.47
Iowa,IA,Ringgold,Democrat,Bernie Sanders,,0.34
Iowa,IA,Sac,Democrat,Bernie Sanders,,0.45
Iowa,IA,Scott,Democrat,Hillary Clinton,,0.49
Iowa,IA,Shelby,Democrat,Hillary Clinton,,0.42
Iowa,IA,Sioux,Democrat,Hillary Clinton,,0.48
Iowa,IA,Story,Democrat,Hillary Clinton,,0.4
Iowa,IA,Tama,Democrat,Bernie Sanders,,0.47
Iowa,IA,Taylor,Democrat,Bernie Sanders,,0.3
Iowa,IA,Union,Democrat,Hillary Clinton,,0.46
Iowa,IA,Van Buren,Democrat,Hillary Clinton,,0.47
Iowa,IA,Wapello,Democrat,Bernie Sanders,,0.45
Iowa,IA,Warren,Democrat,Bernie Sanders,,0.43
Iowa,IA,Washington,Democrat,Bernie Sanders,,0.46
Iowa,IA,Wayne,Democrat,Bernie Sanders,,0.35
Iowa,IA,Webster,Democrat,Bernie Sanders,,0.45
Iowa,IA,Winnebago,Democrat,Hillary Clinton,,0.42
Iowa,IA,Winneshiek,Democrat,Hillary Clinton,,0.44
Iowa,IA,Woodbury,Democrat,Hillary Clinton,,0.46
Iowa,IA,Worth,Democrat,Hillary Clinton,,0.45
Iowa,IA,Wright,Democrat,Bernie Sanders,,0.45
Iowa,IA,Adair,Democrat,Martin O'Malley,,0.0
Iowa,IA,Adams,Democrat,Martin O'Malley,,0.0
Iowa,IA,Allamakee,Democrat,Martin O'Malley,,0.0
Iowa,IA,Appanoose,Democrat,Martin O'Malley,,0.0
Iowa,IA,Audubon,Democrat,Martin O'Malley,,0.0
Iowa,IA,Benton,Democrat,Martin O'Malley,,0.0
Iowa,IA,Black Hawk,Democrat,Martin O'Malley,,0.0
Iowa,IA,Boone,Democrat,Martin O'Malley,,0.0
Iowa,IA,Bremer,Democrat,Martin O'Malley,,0.01
Iowa,IA,Buchanan,Democrat,Martin O'Malley,,0.0
Iowa,IA,Buena Vista,Democrat,Martin O'Malley,,0.03
Iowa,IA,Butler,Democrat,Martin O'Malley,,0.0
Iowa,IA,Calhoun,Democrat,Martin O'Malley,,0.0
Iowa,IA,Carroll,Democrat,Martin O'Malley,,0.0
Iowa,IA,Cass,Democrat,Martin O'Malley,,0.02
Iowa,IA,Cedar,Democrat,Martin O'Malley,,0.0
Iowa,IA,Cerro Gordo,Democrat,Martin O'Malley,,0.0
Iowa,IA,Cherokee,Democrat,Martin O'Malley,,0.0
Iowa,IA,Chickasaw,Democrat,Martin O'Malley,,0.01
Iowa,IA,Clarke,Democrat,Martin O'Malley,,0.0
Iowa,IA,Clay,Democrat,Martin O'Malley,,0.0
Iowa,IA,Clayton,Democrat,Martin O'Malley,,0.0
Iowa,IA,Clinton,Democrat,Martin O'Malley,,0.0
Iowa,IA,Crawford,Democrat,Martin O'Malley,,0.13
Iowa,IA,Dallas,Democrat,Martin O'Malley,,0.01
Iowa,IA,Davis,Democrat,Martin O'Malley,,0.0
Iowa,IA,Decatur,Democrat,Martin O'Malley,,0.01
Iowa,IA,Delaware,Democrat,Martin O'Malley,,0.02
Iowa,IA,Des Moines,Democrat,Martin O'Malley,,0.0
Iowa,IA,Dickinson,Democrat,Martin O'Malley,,0.0
Iowa,IA,Dubuque,Democrat,Martin O'Malley,,0.0
Iowa,IA,Emmet,Democrat,Martin O'Malley,,0.0
Iowa,IA,Fayette,Democrat,Uncommitted,,0.0
Iowa,IA,Floyd,Democrat,Martin O'Malley,,0.0
Iowa,IA,Franklin,Democrat,Martin O'Malley,,0.01
Iowa,IA,Fremont,Democrat,Martin O'Malley,,0.06
Iowa,IA,Greene,Democrat,Martin O'Malley,,0.0
Iowa,IA,Grundy,Democrat,Martin O'Malley,,0.01
Iowa,IA,Guthrie,Democrat,Martin O'Malley,,0.0
Iowa,IA,Hamilton,Democrat,Martin O'Malley,,0.0
Iowa,IA,Hancock,Democrat,Martin O'Malley,,0.0
Iowa,IA,Hardin,Democrat,Martin O'Malley,,0.0
Iowa,IA,Harrison,Democrat,Martin O'Malley,,0.0
Iowa,IA,Henry,Democrat,Martin O'Malley,,0.0
Iowa,IA,Howard,Democrat,Martin O'Malley,,0.0
Iowa,IA,Humboldt,Democrat,Martin O'Malley,,0.0
Iowa,IA,Ida,Democrat,Martin O'Malley,,0.0
Iowa,IA,Iowa,Democrat,Martin O'Malley,,0.0
Iowa,IA,Jackson,Democrat,Martin O'Malley,,0.04
Iowa,IA,Jasper,Democrat,Martin O'Malley,,0.03
Iowa,IA,Jefferson,Democrat,Martin O'Malley,,0.0
Iowa,IA,Johnson,Democrat,Martin O'Malley,,0.0
Iowa,IA,Jones,Democrat,Martin O'Malley,,0.0
Iowa,IA,Keokuk,Democrat,Martin O'Malley,,0.02
Iowa,IA,Kossuth,Democrat,Martin O'Malley,,0.02
Iowa,IA,Lee,Democrat,Martin O'Malley,,0.0
Iowa,IA,Linn,Democrat,Martin O'Malley,,0.0
Iowa,IA,Louisa,Democrat,Martin O'Malley,,0.02
Iowa,IA,Lucas,Democrat,Martin O'Malley,,0.0
Iowa,IA,Lyon,Democrat,Martin O'Malley,,0.03
Iowa,IA,Madison,Democrat,Martin O'Malley,,0.0
Iowa,IA,Mahaska,Democrat,Martin O'Malley,,0.0
Iowa,IA,Marion,Democrat,Martin O'Malley,,0.02
Iowa,IA,Marshall,Democrat,Martin O'Malley,,0.0
Iowa,IA,Mills,Democrat,Martin O'Malley,,0.0
Iowa,IA,Mitchell,Democrat,Martin O'Malley,,0.01
Iowa,IA,Monona,Democrat,Martin O'Malley,,0.01
Iowa,IA,Monroe,Democrat,Martin O'Malley,,0.12
Iowa,IA,Montgomery,Democrat,Martin O'Malley,,0.0
Iowa,IA,Muscatine,Democrat,Martin O'Malley,,0.0
Iowa,IA,O'Brien,Democrat,Martin O'Malley,,0.02
Iowa,IA,Osceola,Democrat,Martin O'Malley,,0.05
Iowa,IA,Page,Democrat,Martin O'Malley,,0.0
Iowa,IA,Palo Alto,Democrat,Martin O'Malley,,0.0
Iowa,IA,Plymouth,Democrat,Martin O'Malley,,0.0
Iowa,IA,Pocahontas,Democrat,Martin O'Malley,,0.04
Iowa,IA,Polk,Democrat,Martin O'Malley,,0.01
Iowa,IA,Pottawattamie,Democrat,Uncommitted,,0.0
Iowa,IA,Poweshiek,Democrat,Martin O'Malley,,0.0
Iowa,IA,Ringgold,Democrat,Martin O'Malley,,0.0
Iowa,IA,Sac,Democrat,Martin O'Malley,,0.0
Iowa,IA,Scott,Democrat,Martin O'Malley,,0.0
Iowa,IA,Shelby,Democrat,Martin O'Malley,,0.0
Iowa,IA,Sioux,Democrat,Uncommitted,,0.01
Iowa,IA,Story,Democrat,Martin O'Malley,,0.0
Iowa,IA,Tama,Democrat,Martin O'Malley,,0.0
Iowa,IA,Taylor,Democrat,Martin O'Malley,,0.0
Iowa,IA,Union,Democrat,Martin O'Malley,,0.0
Iowa,IA,Van Buren,Democrat,Martin O'Malley,,0.0
Iowa,IA,Wapello,Democrat,Martin O'Malley,,0.0
Iowa,IA,Warren,Democrat,Martin O'Malley,,0.01
Iowa,IA,Washington,Democrat,Martin O'Malley,,0.0
Iowa,IA,Wayne,Democrat,Martin O'Malley,,0.0
Iowa,IA,Webster,Democrat,Martin O'Malley,,0.01
Iowa,IA,Winnebago,Democrat,Martin O'Malley,,0.0
Iowa,IA,Winneshiek,Democrat,Martin O'Malley,,0.0
Iowa,IA,Woodbury,Democrat,Martin O'Malley,,0.0
Iowa,IA,Worth,Democrat,Martin O'Malley,,0.0
Iowa,IA,Wright,Democrat,Martin O'Malley,,0.0
Iowa,IA,Adair,Democrat,Uncommitted,,0.0
Iowa,IA,Adams,Democrat,Uncommitted,,0.0
Iowa,IA,Allamakee,Democrat,Uncommitted,,0.0
Iowa,IA,Appanoose,Democrat,Uncommitted,,0.0
Iowa,IA,Audubon,Democrat,Uncommitted,,0.0
Iowa,IA,Benton,Democrat,Uncommitted,,0.0
Iowa,IA,Black Hawk,Democrat,Uncommitted,,0.0
Iowa,IA,Boone,Democrat,Uncommitted,,0.0
Iowa,IA,Bremer,Democrat,Uncommitted,,0.0
Iowa,IA,Buchanan,Democrat,Uncommitted,,0.0
Iowa,IA,Buena Vista,Democrat,Uncommitted,,0.0
Iowa,IA,Butler,Democrat,Uncommitted,,0.0
Iowa,IA,Calhoun,Democrat,Uncommitted,,0.0
Iowa,IA,Carroll,Democrat,Uncommitted,,0.0
Iowa,IA,Cass,Democrat,Uncommitted,,0.0
Iowa,IA,Cedar,Democrat,Uncommitted,,0.0
Iowa,IA,Cerro Gordo,Democrat,Uncommitted,,0.0
Iowa,IA,Cherokee,Democrat,Uncommitted,,0.0
Iowa,IA,Chickasaw,Democrat,Uncommitted,,0.0
Iowa,IA,Clarke,Democrat,Uncommitted,,0.0
Iowa,IA,Clay,Democrat,Uncommitted,,0.0
Iowa,IA,Clayton,Democrat,Uncommitted,,0.0
Iowa,IA,Clinton,Democrat,Uncommitted,,0.0
Iowa,IA,Crawford,Democrat,Uncommitted,,0.0
Iowa,IA,Dallas,Democrat,Uncommitted,,0.0
Iowa,IA,Davis,Democrat,Uncommitted,,0.0
Iowa,IA,Decatur,Democrat,Uncommitted,,0.01
Iowa,IA,Delaware,Democrat,Uncommitted,,0.0
Iowa,IA,Des Moines,Democrat,Uncommitted,,0.0
Iowa,IA,Dickinson,Democrat,Uncommitted,,0.0
Iowa,IA,Dubuque,Democrat,Uncommitted,,0.0
Iowa,IA,Emmet,Democrat,Uncommitted,,0.0
Iowa,IA,Fayette,Democrat,Martin O'Malley,,0.0
Iowa,IA,Floyd,Democrat,Uncommitted,,0.0
Iowa,IA,Franklin,Democrat,Uncommitted,,0.0
Iowa,IA,Fremont,Democrat,Uncommitted,,0.0
Iowa,IA,Greene,Democrat,Uncommitted,,0.0
Iowa,IA,Grundy,Democrat,Uncommitted,,0.0
Iowa,IA,Guthrie,Democrat,Uncommitted,,0.0
Iowa,IA,Hamilton,Democrat,Uncommitted,,0.0
Iowa,IA,Hancock,Democrat,Uncommitted,,0.0
Iowa,IA,Hardin,Democrat,Uncommitted,,0.0
Iowa,IA,Harrison,Democrat,Uncommitted,,0.0
Iowa,IA,Henry,Democrat,Uncommitted,,0.0
Iowa,IA,Howard,Democrat,Uncommitted,,0.0
Iowa,IA,Humboldt,Democrat,Uncommitted,,0.0
Iowa,IA,Ida,Democrat,Uncommitted,,0.0
Iowa,IA,Iowa,Democrat,Uncommitted,,0.0
Iowa,IA,Jackson,Democrat,Uncommitted,,0.0
Iowa,IA,Jasper,Democrat,Uncommitted,,0.0
Iowa,IA,Jefferson,Democrat,Uncommitted,,0.0
Iowa,IA,Johnson,Democrat,Uncommitted,,0.0
Iowa,IA,Jones,Democrat,Uncommitted,,0.0
Iowa,IA,Keokuk,Democrat,Uncommitted,,0.0
Iowa,IA,Kossuth,Democrat,Uncommitted,,0.01
Iowa,IA,Lee,Democrat,Uncommitted,,0.0
Iowa,IA,Linn,Democrat,Uncommitted,,0.0
Iowa,IA,Louisa,Democrat,Uncommitted,,0.0
Iowa,IA,Lucas,Democrat,Uncommitted,,0.0
Iowa,IA,Lyon,Democrat,Uncommitted,,0.0
Iowa,IA,Madison,Democrat,Uncommitted,,0.0
Iowa,IA,Mahaska,Democrat,Uncommitted,,0.0
Iowa,IA,Marion,Democrat,Uncommitted,,0.0
Iowa,IA,Marshall,Democrat,Uncommitted,,0.0
Iowa,IA,Mills,Democrat,Uncommitted,,0.0
Iowa,IA,Mitchell,Democrat,Uncommitted,,0.0
Iowa,IA,Monona,Democrat,Uncommitted,,0.0
Iowa,IA,Monroe,Democrat,Uncommitted,,0.0
Iowa,IA,Montgomery,Democrat,Uncommitted,,0.0
Iowa,IA,Muscatine,Democrat,Uncommitted,,0.0
Iowa,IA,O'Brien,Democrat,Uncommitted,,0.0
Iowa,IA,Osceola,Democrat,Uncommitted,,0.0
Iowa,IA,Page,Democrat,Uncommitted,,0.0
Iowa,IA,Palo Alto,Democrat,Uncommitted,,0.0
Iowa,IA,Plymouth,Democrat,Uncommitted,,0.0
Iowa,IA,Pocahontas,Democrat,Uncommitted,,0.0
Iowa,IA,Polk,Democrat,Uncommitted,,0.0
Iowa,IA,Pottawattamie,Democrat,Martin O'Malley,,0.0
Iowa,IA,Poweshiek,Democrat,Uncommitted,,0.0
Iowa,IA,Ringgold,Democrat,Uncommitted,,0.0
Iowa,IA,Sac,Democrat,Uncommitted,,0.0
Iowa,IA,Scott,Democrat,Uncommitted,,0.0
Iowa,IA,Shelby,Democrat,Uncommitted,,0.0
Iowa,IA,Sioux,Democrat,Martin O'Malley,,0.0
Iowa,IA,Story,Democrat,Uncommitted,,0.0
Iowa,IA,Tama,Democrat,Uncommitted,,0.0
Iowa,IA,Taylor,Democrat,Uncommitted,,0.0
Iowa,IA,Union,Democrat,Uncommitted,,0.0
Iowa,IA,Van Buren,Democrat,Uncommitted,,0.0
Iowa,IA,Wapello,Democrat,Uncommitted,,0.0
Iowa,IA,Warren,Democrat,Uncommitted,,0.0
Iowa,IA,Washington,Democrat,Uncommitted,,0.0
Iowa,IA,Wayne,Democrat,Uncommitted,,0.0
Iowa,IA,Webster,Democrat,Uncommitted,,0.0
Iowa,IA,Winnebago,Democrat,Uncommitted,,0.0
Iowa,IA,Winneshiek,Democrat,Uncommitted,,0.0
Iowa,IA,Woodbury,Democrat,Uncommitted,,0.0
Iowa,IA,Worth,Democrat,Uncommitted,,0.0
Iowa,IA,Wright,Democrat,Uncommitted,,0.0
Iowa,IA,Adair,Republican,Donald Trump,104.0,0.2567901234567901
Iowa,IA,Adair,Republican,Ted Cruz,104.0,0.2567901234567901
Iowa,IA,Adair,Republican,Marco Rubio,80.0,0.19753086419753085
Iowa,IA,Adair,Republican,Ben Carson,61.0,0.1506172839506173
Iowa,IA,Adair,Republican,Carly Fiorina,16.0,0.03950617283950617
Iowa,IA,Adair,Republican,Rand Paul,12.0,0.02962962962962963
Iowa,IA,Adair,Republican,Mike Huckabee,11.0,0.02716049382716049
Iowa,IA,Adair,Republican,Rick Santorum,7.0,0.01728395061728395
Iowa,IA,Adair,Republican,Chris Christie,4.0,0.009876543209876543
Iowa,IA,Adair,Republican,Jeb Bush,4.0,0.009876543209876543
Iowa,IA,Adair,Republican,John Kasich,2.0,0.0049382716049382715
Iowa,IA,Adams,Republican,Ted Cruz,81.0,0.2977941176470588
Iowa,IA,Adams,Republican,Donald Trump,68.0,0.25
Iowa,IA,Adams,Republican,Marco Rubio,47.0,0.17279411764705882
Iowa,IA,Adams,Republican,Ben Carson,30.0,0.11029411764705882
Iowa,IA,Adams,Republican,Carly Fiorina,16.0,0.05882352941176471
Iowa,IA,Adams,Republican,John Kasich,10.0,0.036764705882352935
Iowa,IA,Adams,Republican,Rand Paul,8.0,0.029411764705882356
Iowa,IA,Adams,Republican,Jeb Bush,7.0,0.025735294117647058
Iowa,IA,Adams,Republican,Mike Huckabee,3.0,0.011029411764705885
Iowa,IA,Adams,Republican,Chris Christie,1.0,0.0036764705882352936
Iowa,IA,Adams,Republican,Rick Santorum,1.0,0.0036764705882352936
Iowa,IA,Allamakee,Republican,Donald Trump,193.0,0.2813411078717201
Iowa,IA,Allamakee,Republican,Ted Cruz,183.0,0.2667638483965015
Iowa,IA,Allamakee,Republican,Marco Rubio,131.0,0.19096209912536444
Iowa,IA,Allamakee,Republican,Ben Carson,77.0,0.11224489795918367
Iowa,IA,Allamakee,Republican,Carly Fiorina,54.0,0.07871720116618076
Iowa,IA,Allamakee,Republican,Rand Paul,16.0,0.023323615160349854
Iowa,IA,Allamakee,Republican,Jeb Bush,11.0,0.016034985422740525
Iowa,IA,Allamakee,Republican,Mike Huckabee,9.0,0.013119533527696792
Iowa,IA,Allamakee,Republican,Rick Santorum,6.0,0.008746355685131196
Iowa,IA,Allamakee,Republican,Chris Christie,4.0,0.005830903790087464
Iowa,IA,Allamakee,Republican,John Kasich,2.0,0.002915451895043732
Iowa,IA,Appanoose,Republican,Donald Trump,292.0,0.34803337306317045
Iowa,IA,Appanoose,Republican,Ted Cruz,269.0,0.3206197854588796
Iowa,IA,Appanoose,Republican,Ben Carson,92.0,0.10965435041716327
Iowa,IA,Appanoose,Republican,Marco Rubio,90.0,0.10727056019070323
Iowa,IA,Appanoose,Republican,Mike Huckabee,44.0,0.05244338498212157
Iowa,IA,Appanoose,Republican,Rand Paul,20.0,0.023837902264600714
Iowa,IA,Appanoose,Republican,Jeb Bush,13.0,0.015494636471990463
Iowa,IA,Appanoose,Republican,Carly Fiorina,9.0,0.010727056019070322
Iowa,IA,Appanoose,Republican,Chris Christie,4.0,0.004767580452920143
Iowa,IA,Appanoose,Republican,John Kasich,4.0,0.004767580452920143
Iowa,IA,Appanoose,Republican,Rick Santorum,2.0,0.0023837902264600714
Iowa,IA,Audubon,Republican,Ted Cruz,135.0,0.3609625668449198
Iowa,IA,Audubon,Republican,Donald Trump,99.0,0.2647058823529412
Iowa,IA,Audubon,Republican,Marco Rubio,56.0,0.1497326203208556
Iowa,IA,Audubon,Republican,Ben Carson,33.0,0.08823529411764706
Iowa,IA,Audubon,Republican,Mike Huckabee,20.0,0.053475935828877004
Iowa,IA,Audubon,Republican,Rand Paul,11.0,0.029411764705882356
Iowa,IA,Audubon,Republican,Jeb Bush,10.0,0.026737967914438502
Iowa,IA,Audubon,Republican,John Kasich,5.0,0.013368983957219251
Iowa,IA,Audubon,Republican,Carly Fiorina,4.0,0.0106951871657754
Iowa,IA,Audubon,Republican,Chris Christie,1.0,0.00267379679144385
Iowa,IA,Audubon,Republican,Rick Santorum,0.0,0.0
Iowa,IA,Benton,Republican,Ted Cruz,596.0,0.364749082007344
Iowa,IA,Benton,Republican,Donald Trump,410.0,0.25091799265605874
Iowa,IA,Benton,Republican,Marco Rubio,246.0,0.15055079559363524
Iowa,IA,Benton,Republican,Ben Carson,171.0,0.10465116279069768
Iowa,IA,Benton,Republican,Rand Paul,72.0,0.04406364749082008
Iowa,IA,Benton,Republican,Carly Fiorina,35.0,0.021419828641370868
Iowa,IA,Benton,Republican,Mike Huckabee,34.0,0.0208078335373317
Iowa,IA,Benton,Republican,John Kasich,27.0,0.016523867809057527
Iowa,IA,Benton,Republican,Chris Christie,23.0,0.014075887392900856
Iowa,IA,Benton,Republican,Jeb Bush,11.0,0.006731946144430846
Iowa,IA,Benton,Republican,Rick Santorum,9.0,0.00550795593635251
Iowa,IA,Black Hawk,Republican,Ted Cruz,1585.0,0.268280297901151
Iowa,IA,Black Hawk,Republican,Marco Rubio,1551.0,0.2625253893026405
Iowa,IA,Black Hawk,Republican,Donald Trump,1360.0,0.23019634394041974
Iowa,IA,Black Hawk,Republican,Ben Carson,497.0,0.08412322274881516
Iowa,IA,Black Hawk,Republican,Rand Paul,357.0,0.06042654028436019
Iowa,IA,Black Hawk,Republican,Jeb Bush,178.0,0.03012863913337847
Iowa,IA,Black Hawk,Republican,Carly Fiorina,131.0,0.022173324306025727
Iowa,IA,Black Hawk,Republican,Chris Christie,104.0,0.017603249830737983
Iowa,IA,Black Hawk,Republican,Mike Huckabee,72.0,0.012186865267433988
Iowa,IA,Black Hawk,Republican,John Kasich,53.0,0.00897088693297224
Iowa,IA,Black Hawk,Republican,Rick Santorum,20.0,0.003385240352064997
Iowa,IA,Boone,Republican,Ted Cruz,566.0,0.3221400113830393
Iowa,IA,Boone,Republican,Donald Trump,412.0,0.23449060899260105
Iowa,IA,Boone,Republican,Marco Rubio,320.0,0.18212862834376775
Iowa,IA,Boone,Republican,Ben Carson,177.0,0.10073989755264656
Iowa,IA,Boone,Republican,Rand Paul,96.0,0.05463858850313034
Iowa,IA,Boone,Republican,Mike Huckabee,67.0,0.038133181559476384
Iowa,IA,Boone,Republican,Chris Christie,40.0,0.02276607854297097
Iowa,IA,Boone,Republican,Jeb Bush,31.0,0.017643710870802503
Iowa,IA,Boone,Republican,John Kasich,22.0,0.012521343198634035
Iowa,IA,Boone,Republican,Rick Santorum,19.0,0.010813887307911213
Iowa,IA,Boone,Republican,Carly Fiorina,7.0,0.00398406374501992
Iowa,IA,Bremer,Republican,Ted Cruz,408.0,0.2738255033557047
Iowa,IA,Bremer,Republican,Marco Rubio,389.0,0.2610738255033557
Iowa,IA,Bremer,Republican,Donald Trump,347.0,0.2328859060402685
Iowa,IA,Bremer,Republican,Ben Carson,134.0,0.08993288590604027
Iowa,IA,Bremer,Republican,John Kasich,50.0,0.03355704697986577
Iowa,IA,Bremer,Republican,Rand Paul,46.0,0.030872483221476513
Iowa,IA,Bremer,Republican,Jeb Bush,38.0,0.025503355704697986
Iowa,IA,Bremer,Republican,Carly Fiorina,24.0,0.016107382550335572
Iowa,IA,Bremer,Republican,Mike Huckabee,19.0,0.012751677852348993
Iowa,IA,Bremer,Republican,Rick Santorum,19.0,0.012751677852348993
Iowa,IA,Bremer,Republican,Chris Christie,16.0,0.010738255033557045
Iowa,IA,Buchanan,Republican,Ted Cruz,308.0,0.3679808841099164
Iowa,IA,Buchanan,Republican,Donald Trump,217.0,0.25925925925925924
Iowa,IA,Buchanan,Republican,Marco Rubio,110.0,0.13142174432497014
Iowa,IA,Buchanan,Republican,Ben Carson,82.0,0.0979689366786141
Iowa,IA,Buchanan,Republican,Rand Paul,35.0,0.04181600955794504
Iowa,IA,Buchanan,Republican,Carly Fiorina,31.0,0.037037037037037035
Iowa,IA,Buchanan,Republican,Chris Christie,15.0,0.017921146953405017
Iowa,IA,Buchanan,Republican,Mike Huckabee,15.0,0.017921146953405017
Iowa,IA,Buchanan,Republican,Jeb Bush,14.0,0.016726403823178016
Iowa,IA,Buchanan,Republican,John Kasich,6.0,0.007168458781362006
Iowa,IA,Buchanan,Republican,Rick Santorum,4.0,0.0047789725209080045
Iowa,IA,Buena Vista,Republican,Ted Cruz,309.0,0.3062438057482656
Iowa,IA,Buena Vista,Republican,Donald Trump,251.0,0.2487611496531219
Iowa,IA,Buena Vista,Republican,Marco Rubio,221.0,0.2190287413280476
Iowa,IA,Buena Vista,Republican,Ben Carson,97.0,0.09613478691774034
Iowa,IA,Buena Vista,Republican,Rand Paul,26.0,0.02576808721506442
Iowa,IA,Buena Vista,Republican,Jeb Bush,23.0,0.022794846382556987
Iowa,IA,Buena Vista,Republican,Rick Santorum,22.0,0.02180376610505451
Iowa,IA,Buena Vista,Republican,Carly Fiorina,20.0,0.019821605550049557
Iowa,IA,Buena Vista,Republican,Mike Huckabee,18.0,0.017839444995044598
Iowa,IA,Buena Vista,Republican,John Kasich,15.0,0.014866204162537162
Iowa,IA,Buena Vista,Republican,Chris Christie,7.0,0.006937561942517344
Iowa,IA,Butler,Republican,Ted Cruz,332.0,0.3648351648351648
Iowa,IA,Butler,Republican,Donald Trump,220.0,0.24175824175824176
Iowa,IA,Butler,Republican,Marco Rubio,145.0,0.15934065934065933
Iowa,IA,Butler,Republican,Ben Carson,108.0,0.11868131868131868
Iowa,IA,Butler,Republican,Rand Paul,32.0,0.035164835164835165
Iowa,IA,Butler,Republican,Jeb Bush,24.0,0.026373626373626374
Iowa,IA,Butler,Republican,Mike Huckabee,21.0,0.02307692307692308
Iowa,IA,Butler,Republican,Carly Fiorina,18.0,0.019780219780219783
Iowa,IA,Butler,Republican,Chris Christie,6.0,0.006593406593406593
Iowa,IA,Butler,Republican,John Kasich,3.0,0.0032967032967032967
Iowa,IA,Butler,Republican,Rick Santorum,1.0,0.0010989010989010991
Iowa,IA,Calhoun,Republican,Ted Cruz,159.0,0.2854578096947936
Iowa,IA,Calhoun,Republican,Donald Trump,136.0,0.24416517055655296
Iowa,IA,Calhoun,Republican,Marco Rubio,121.0,0.21723518850987436
Iowa,IA,Calhoun,Republican,Ben Carson,37.0,0.06642728904847396
Iowa,IA,Calhoun,Republican,Mike Huckabee,35.0,0.06283662477558348
Iowa,IA,Calhoun,Republican,Rand Paul,20.0,0.03590664272890485
Iowa,IA,Calhoun,Republican,Rick Santorum,19.0,0.034111310592459615
Iowa,IA,Calhoun,Republican,Jeb Bush,10.0,0.017953321364452424
Iowa,IA,Calhoun,Republican,Carly Fiorina,8.0,0.014362657091561941
Iowa,IA,Calhoun,Republican,John Kasich,7.0,0.012567324955116695
Iowa,IA,Calhoun,Republican,Chris Christie,5.0,0.008976660682226212
Iowa,IA,Carroll,Republican,Donald Trump,298.0,0.29073170731707315
Iowa,IA,Carroll,Republican,Ted Cruz,256.0,0.2497560975609756
Iowa,IA,Carroll,Republican,Marco Rubio,230.0,0.22439024390243906
Iowa,IA,Carroll,Republican,Ben Carson,69.0,0.06731707317073171
Iowa,IA,Carroll,Republican,Jeb Bush,60.0,0.05853658536585366
Iowa,IA,Carroll,Republican,Carly Fiorina,44.0,0.042926829268292686
Iowa,IA,Carroll,Republican,Rand Paul,31.0,0.030243902439024386
Iowa,IA,Carroll,Republican,John Kasich,14.0,0.013658536585365855
Iowa,IA,Carroll,Republican,Mike Huckabee,11.0,0.010731707317073172
Iowa,IA,Carroll,Republican,Chris Christie,7.0,0.006829268292682928
Iowa,IA,Carroll,Republican,Rick Santorum,5.0,0.004878048780487805
Iowa,IA,Cass,Republican,Donald Trump,262.0,0.28354978354978355
Iowa,IA,Cass,Republican,Ted Cruz,225.0,0.2435064935064935
Iowa,IA,Cass,Republican,Marco Rubio,176.0,0.19047619047619047
Iowa,IA,Cass,Republican,Ben Carson,142.0,0.15367965367965367
Iowa,IA,Cass,Republican,Jeb Bush,34.0,0.0367965367965368
Iowa,IA,Cass,Republican,John Kasich,21.0,0.022727272727272728
Iowa,IA,Cass,Republican,Mike Huckabee,17.0,0.0183982683982684
Iowa,IA,Cass,Republican,Chris Christie,15.0,0.016233766233766232
Iowa,IA,Cass,Republican,Rick Santorum,13.0,0.01406926406926407
Iowa,IA,Cass,Republican,Carly Fiorina,10.0,0.010822510822510822
Iowa,IA,Cass,Republican,Rand Paul,9.0,0.00974025974025974
Iowa,IA,Cedar,Republican,Ted Cruz,310.0,0.29135338345864664
Iowa,IA,Cedar,Republican,Donald Trump,281.0,0.2640977443609023
Iowa,IA,Cedar,Republican,Marco Rubio,240.0,0.2255639097744361
Iowa,IA,Cedar,Republican,Ben Carson,100.0,0.09398496240601503
Iowa,IA,Cedar,Republican,Rand Paul,43.0,0.040413533834586464
Iowa,IA,Cedar,Republican,John Kasich,26.0,0.02443609022556391
Iowa,IA,Cedar,Republican,Carly Fiorina,19.0,0.017857142857142856
Iowa,IA,Cedar,Republican,Jeb Bush,17.0,0.015977443609022556
Iowa,IA,Cedar,Republican,Mike Huckabee,13.0,0.012218045112781954
Iowa,IA,Cedar,Republican,Chris Christie,9.0,0.008458646616541353
Iowa,IA,Cedar,Republican,Rick Santorum,6.0,0.005639097744360902
Iowa,IA,Cerro Gordo,Republican,Ted Cruz,655.0,0.28220594571305474
Iowa,IA,Cerro Gordo,Republican,Donald Trump,597.0,0.2572167169323568
Iowa,IA,Cerro Gordo,Republican,Marco Rubio,446.0,0.19215855234812584
Iowa,IA,Cerro Gordo,Republican,Ben Carson,184.0,0.07927617406290392
Iowa,IA,Cerro Gordo,Republican,Jeb Bush,119.0,0.05127100387763895
Iowa,IA,Cerro Gordo,Republican,Chris Christie,114.0,0.04911676001723395
Iowa,IA,Cerro Gordo,Republican,Rand Paul,78.0,0.03360620422231796
Iowa,IA,Cerro Gordo,Republican,Carly Fiorina,42.0,0.01809564842740198
Iowa,IA,Cerro Gordo,Republican,Mike Huckabee,39.0,0.01680310211115898
Iowa,IA,Cerro Gordo,Republican,John Kasich,29.0,0.012494614390348987
Iowa,IA,Cerro Gordo,Republican,Rick Santorum,18.0,0.007755277897457992
Iowa,IA,Cherokee,Republican,Donald Trump,248.0,0.29594272076372313
Iowa,IA,Cherokee,Republican,Marco Rubio,243.0,0.2899761336515513
Iowa,IA,Cherokee,Republican,Ted Cruz,157.0,0.1873508353221957
Iowa,IA,Cherokee,Republican,Ben Carson,119.0,0.14200477326968974
Iowa,IA,Cherokee,Republican,Mike Huckabee,17.0,0.02028639618138425
Iowa,IA,Cherokee,Republican,Jeb Bush,16.0,0.01909307875894988
Iowa,IA,Cherokee,Republican,Rand Paul,12.0,0.014319809069212413
Iowa,IA,Cherokee,Republican,Carly Fiorina,11.0,0.013126491646778043
Iowa,IA,Cherokee,Republican,Chris Christie,5.0,0.005966587112171838
Iowa,IA,Cherokee,Republican,John Kasich,5.0,0.005966587112171838
Iowa,IA,Cherokee,Republican,Rick Santorum,5.0,0.005966587112171838
Iowa,IA,Chickasaw,Republican,Donald Trump,166.0,0.2766666666666667
Iowa,IA,Chickasaw,Republican,Ted Cruz,161.0,0.2683333333333333
Iowa,IA,Chickasaw,Republican,Marco Rubio,143.0,0.2383333333333333
Iowa,IA,Chickasaw,Republican,Ben Carson,57.0,0.095
Iowa,IA,Chickasaw,Republican,Carly Fiorina,27.0,0.045
Iowa,IA,Chickasaw,Republican,Rand Paul,18.0,0.03
Iowa,IA,Chickasaw,Republican,Jeb Bush,11.0,0.01833333333333333
Iowa,IA,Chickasaw,Republican,Mike Huckabee,6.0,0.01
Iowa,IA,Chickasaw,Republican,Rick Santorum,6.0,0.01
Iowa,IA,Chickasaw,Republican,John Kasich,3.0,0.005
Iowa,IA,Chickasaw,Republican,Chris Christie,2.0,0.0033333333333333327
Iowa,IA,Clarke,Republican,Donald Trump,202.0,0.362657091561939
Iowa,IA,Clarke,Republican,Ted Cruz,155.0,0.2782764811490125
Iowa,IA,Clarke,Republican,Marco Rubio,88.0,0.15798922800718132
Iowa,IA,Clarke,Republican,Ben Carson,56.0,0.10053859964093358
Iowa,IA,Clarke,Republican,Rand Paul,15.0,0.026929982046678638
Iowa,IA,Clarke,Republican,Jeb Bush,12.0,0.02154398563734291
Iowa,IA,Clarke,Republican,Carly Fiorina,9.0,0.01615798922800718
Iowa,IA,Clarke,Republican,Chris Christie,9.0,0.01615798922800718
Iowa,IA,Clarke,Republican,Mike Huckabee,8.0,0.014362657091561941
Iowa,IA,Clarke,Republican,John Kasich,3.0,0.005385996409335727
Iowa,IA,Clarke,Republican,Rick Santorum,0.0,0.0
Iowa,IA,Clay,Republican,Donald Trump,292.0,0.28515625
Iowa,IA,Clay,Republican,Ted Cruz,291.0,0.2841796875
Iowa,IA,Clay,Republican,Ben Carson,155.0,0.1513671875
Iowa,IA,Clay,Republican,Marco Rubio,149.0,0.1455078125
Iowa,IA,Clay,Republican,John Kasich,31.0,0.0302734375
Iowa,IA,Clay,Republican,Rand Paul,28.0,0.02734375
Iowa,IA,Clay,Republican,Mike Huckabee,25.0,0.0244140625
Iowa,IA,Clay,Republican,Jeb Bush,16.0,0.015625
Iowa,IA,Clay,Republican,Chris Christie,15.0,0.0146484375
Iowa,IA,Clay,Republican,Rick Santorum,14.0,0.013671875
Iowa,IA,Clay,Republican,Carly Fiorina,8.0,0.0078125
Iowa,IA,Clayton,Republican,Ted Cruz,298.0,0.3522458628841608
Iowa,IA,Clayton,Republican,Donald Trump,249.0,0.2943262411347517
Iowa,IA,Clayton,Republican,Marco Rubio,109.0,0.1288416075650118
Iowa,IA,Clayton,Republican,Ben Carson,67.0,0.07919621749408984
Iowa,IA,Clayton,Republican,Rand Paul,29.0,0.034278959810874705
Iowa,IA,Clayton,Republican,Carly Fiorina,26.0,0.030732860520094562
Iowa,IA,Clayton,Republican,Jeb Bush,26.0,0.030732860520094562
Iowa,IA,Clayton,Republican,Mike Huckabee,17.0,0.020094562647754142
Iowa,IA,Clayton,Republican,John Kasich,11.0,0.013002364066193851
Iowa,IA,Clayton,Republican,Chris Christie,9.0,0.010638297872340424
Iowa,IA,Clayton,Republican,Rick Santorum,5.0,0.0059101654846335705
Iowa,IA,Clinton,Republican,Donald Trump,709.0,0.3074588031222897
Iowa,IA,Clinton,Republican,Ted Cruz,621.0,0.2692974848222029
Iowa,IA,Clinton,Republican,Marco Rubio,459.0,0.19904596704249786
Iowa,IA,Clinton,Republican,Ben Carson,159.0,0.06895056374674761
Iowa,IA,Clinton,Republican,Jeb Bush,106.0,0.04596704249783174
Iowa,IA,Clinton,Republican,Rand Paul,94.0,0.040763226366001735
Iowa,IA,Clinton,Republican,Carly Fiorina,70.0,0.030355594102341718
Iowa,IA,Clinton,Republican,John Kasich,41.0,0.017779705117085858
Iowa,IA,Clinton,Republican,Chris Christie,26.0,0.011274934952298352
Iowa,IA,Clinton,Republican,Mike Huckabee,15.0,0.006504770164787511
Iowa,IA,Clinton,Republican,Rick Santorum,6.0,0.002601908065915005
Iowa,IA,Crawford,Republican,Ted Cruz,226.0,0.3233190271816881
Iowa,IA,Crawford,Republican,Donald Trump,214.0,0.3061516452074392
Iowa,IA,Crawford,Republican,Marco Rubio,114.0,0.1630901287553648
Iowa,IA,Crawford,Republican,Ben Carson,63.0,0.09012875536480687
Iowa,IA,Crawford,Republican,Carly Fiorina,24.0,0.03433476394849785
Iowa,IA,Crawford,Republican,Chris Christie,14.0,0.02002861230329041
Iowa,IA,Crawford,Republican,Jeb Bush,12.0,0.017167381974248927
Iowa,IA,Crawford,Republican,Rand Paul,12.0,0.017167381974248927
Iowa,IA,Crawford,Republican,John Kasich,8.0,0.011444921316165951
Iowa,IA,Crawford,Republican,Mike Huckabee,7.0,0.010014306151645207
Iowa,IA,Crawford,Republican,Rick Santorum,5.0,0.0071530758226037204
Iowa,IA,Dallas,Republican,Marco Rubio,2469.0,0.33910177173465184
Iowa,IA,Dallas,Republican,Ted Cruz,1691.0,0.23224831753879965
Iowa,IA,Dallas,Republican,Donald Trump,1510.0,0.20738909490454607
Iowa,IA,Dallas,Republican,Ben Carson,489.0,0.06716110424392252
Iowa,IA,Dallas,Republican,Rand Paul,276.0,0.037906880922950144
Iowa,IA,Dallas,Republican,Chris Christie,214.0,0.029391567092432364
Iowa,IA,Dallas,Republican,Jeb Bush,213.0,0.029254223320972394
Iowa,IA,Dallas,Republican,John Kasich,167.0,0.02293640983381404
Iowa,IA,Dallas,Republican,Carly Fiorina,133.0,0.01826672160417525
Iowa,IA,Dallas,Republican,Mike Huckabee,61.0,0.00837797005905782
Iowa,IA,Dallas,Republican,Rick Santorum,58.0,0.00796593874467793
Iowa,IA,Davis,Republican,Donald Trump,205.0,0.3860640301318267
Iowa,IA,Davis,Republican,Ted Cruz,168.0,0.3163841807909605
Iowa,IA,Davis,Republican,Ben Carson,38.0,0.07156308851224105
Iowa,IA,Davis,Republican,Mike Huckabee,38.0,0.07156308851224105
Iowa,IA,Davis,Republican,Marco Rubio,37.0,0.0696798493408663
Iowa,IA,Davis,Republican,Rand Paul,25.0,0.04708097928436912
Iowa,IA,Davis,Republican,Jeb Bush,10.0,0.018832391713747645
Iowa,IA,Davis,Republican,Chris Christie,8.0,0.015065913370998116
Iowa,IA,Davis,Republican,Carly Fiorina,1.0,0.0018832391713747645
Iowa,IA,Davis,Republican,John Kasich,1.0,0.0018832391713747645
Iowa,IA,Davis,Republican,Rick Santorum,0.0,0.0
Iowa,IA,Decatur,Republican,Ted Cruz,173.0,0.34808853118712274
Iowa,IA,Decatur,Republican,Donald Trump,127.0,0.25553319919517103
Iowa,IA,Decatur,Republican,Ben Carson,80.0,0.16096579476861167
Iowa,IA,Decatur,Republican,Marco Rubio,73.0,0.14688128772635814
Iowa,IA,Decatur,Republican,Rand Paul,19.0,0.038229376257545265
Iowa,IA,Decatur,Republican,Mike Huckabee,6.0,0.012072434607645876
Iowa,IA,Decatur,Republican,Jeb Bush,5.0,0.01006036217303823
Iowa,IA,Decatur,Republican,Chris Christie,4.0,0.008048289738430584
Iowa,IA,Decatur,Republican,John Kasich,4.0,0.008048289738430584
Iowa,IA,Decatur,Republican,Rick Santorum,4.0,0.008048289738430584
Iowa,IA,Decatur,Republican,Carly Fiorina,2.0,0.004024144869215292
Iowa,IA,Delaware,Republican,Ted Cruz,317.0,0.354586129753915
Iowa,IA,Delaware,Republican,Donald Trump,198.0,0.2214765100671141
Iowa,IA,Delaware,Republican,Marco Rubio,172.0,0.19239373601789708
Iowa,IA,Delaware,Republican,Ben Carson,92.0,0.1029082774049217
Iowa,IA,Delaware,Republican,Carly Fiorina,52.0,0.058165548098434
Iowa,IA,Delaware,Republican,Rand Paul,27.0,0.0302013422818792
Iowa,IA,Delaware,Republican,Jeb Bush,19.0,0.021252796420581657
Iowa,IA,Delaware,Republican,Mike Huckabee,7.0,0.007829977628635347
Iowa,IA,Delaware,Republican,Chris Christie,5.0,0.005592841163310961
Iowa,IA,Delaware,Republican,Rick Santorum,3.0,0.003355704697986577
Iowa,IA,Delaware,Republican,John Kasich,2.0,0.0022371364653243847
Iowa,IA,Des Moines,Republican,Donald Trump,659.0,0.30481036077705825
Iowa,IA,Des Moines,Republican,Ted Cruz,613.0,0.2835337650323774
Iowa,IA,Des Moines,Republican,Marco Rubio,451.0,0.20860314523589268
Iowa,IA,Des Moines,Republican,Ben Carson,212.0,0.0980573543015726
Iowa,IA,Des Moines,Republican,Rand Paul,99.0,0.045790934320074014
Iowa,IA,Des Moines,Republican,Chris Christie,35.0,0.016188714153561518
Iowa,IA,Des Moines,Republican,Mike Huckabee,31.0,0.014338575393154487
Iowa,IA,Des Moines,Republican,John Kasich,20.0,0.009250693802035151
Iowa,IA,Des Moines,Republican,Jeb Bush,19.0,0.008788159111933395
Iowa,IA,Des Moines,Republican,Carly Fiorina,17.0,0.00786308973172988
Iowa,IA,Des Moines,Republican,Rick Santorum,6.0,0.0027752081406105453
Iowa,IA,Dickinson,Republican,Donald Trump,342.0,0.28476269775187346
Iowa,IA,Dickinson,Republican,Marco Rubio,286.0,0.23813488759367196
Iowa,IA,Dickinson,Republican,Ted Cruz,260.0,0.21648626144879268
Iowa,IA,Dickinson,Republican,Ben Carson,159.0,0.13238967527060785
Iowa,IA,Dickinson,Republican,Jeb Bush,46.0,0.038301415487094086
Iowa,IA,Dickinson,Republican,Rand Paul,34.0,0.028309741881765195
Iowa,IA,Dickinson,Republican,John Kasich,27.0,0.02248126561199001
Iowa,IA,Dickinson,Republican,Mike Huckabee,15.0,0.012489592006661115
Iowa,IA,Dickinson,Republican,Carly Fiorina,12.0,0.009991673605328892
Iowa,IA,Dickinson,Republican,Rick Santorum,12.0,0.009991673605328892
Iowa,IA,Dickinson,Republican,Chris Christie,8.0,0.006661115736885929
Iowa,IA,Dubuque,Republican,Donald Trump,1087.0,0.27345911949685536
Iowa,IA,Dubuque,Republican,Marco Rubio,1060.0,0.26666666666666666
Iowa,IA,Dubuque,Republican,Ted Cruz,824.0,0.20729559748427676
Iowa,IA,Dubuque,Republican,Ben Carson,384.0,0.09660377358490566
Iowa,IA,Dubuque,Republican,Rand Paul,230.0,0.05786163522012579
Iowa,IA,Dubuque,Republican,Carly Fiorina,97.0,0.02440251572327044
Iowa,IA,Dubuque,Republican,Jeb Bush,95.0,0.02389937106918239
Iowa,IA,Dubuque,Republican,Chris Christie,75.0,0.018867924528301886
Iowa,IA,Dubuque,Republican,John Kasich,54.0,0.013584905660377358
Iowa,IA,Dubuque,Republican,Mike Huckabee,48.0,0.012075471698113207
Iowa,IA,Dubuque,Republican,Rick Santorum,21.0,0.005283018867924529
Iowa,IA,Emmet,Republican,Ted Cruz,143.0,0.3548387096774194
Iowa,IA,Emmet,Republican,Donald Trump,122.0,0.3027295285359802
Iowa,IA,Emmet,Republican,Ben Carson,49.0,0.1215880893300248
Iowa,IA,Emmet,Republican,Marco Rubio,46.0,0.1141439205955335
Iowa,IA,Emmet,Republican,Jeb Bush,11.0,0.02729528535980149
Iowa,IA,Emmet,Republican,Mike Huckabee,10.0,0.02481389578163772
Iowa,IA,Emmet,Republican,Carly Fiorina,8.0,0.01985111662531017
Iowa,IA,Emmet,Republican,Chris Christie,5.0,0.01240694789081886
Iowa,IA,Emmet,Republican,John Kasich,4.0,0.009925558312655087
Iowa,IA,Emmet,Republican,Rand Paul,4.0,0.009925558312655087
Iowa,IA,Emmet,Republican,Rick Santorum,1.0,0.0024813895781637717
Iowa,IA,Fayette,Republican,Ted Cruz,341.0,0.341
Iowa,IA,Fayette,Republican,Donald Trump,240.0,0.24
Iowa,IA,Fayette,Republican,Marco Rubio,180.0,0.18
Iowa,IA,Fayette,Republican,Ben Carson,144.0,0.14400000000000002
Iowa,IA,Fayette,Republican,Rand Paul,27.0,0.027000000000000003
Iowa,IA,Fayette,Republican,Carly Fiorina,18.0,0.018000000000000002
Iowa,IA,Fayette,Republican,Jeb Bush,18.0,0.018000000000000002
Iowa,IA,Fayette,Republican,Mike Huckabee,17.0,0.017
Iowa,IA,Fayette,Republican,Chris Christie,6.0,0.006
Iowa,IA,Fayette,Republican,John Kasich,6.0,0.006
Iowa,IA,Fayette,Republican,Rick Santorum,3.0,0.003
Iowa,IA,Floyd,Republican,Ted Cruz,305.0,0.4013157894736841
Iowa,IA,Floyd,Republican,Donald Trump,200.0,0.2631578947368421
Iowa,IA,Floyd,Republican,Marco Rubio,105.0,0.13815789473684212
Iowa,IA,Floyd,Republican,Ben Carson,83.0,0.10921052631578948
Iowa,IA,Floyd,Republican,Jeb Bush,23.0,0.030263157894736843
Iowa,IA,Floyd,Republican,Rand Paul,10.0,0.013157894736842105
Iowa,IA,Floyd,Republican,Chris Christie,9.0,0.011842105263157895
Iowa,IA,Floyd,Republican,John Kasich,9.0,0.011842105263157895
Iowa,IA,Floyd,Republican,Carly Fiorina,8.0,0.010526315789473684
Iowa,IA,Floyd,Republican,Mike Huckabee,8.0,0.010526315789473684
Iowa,IA,Floyd,Republican,Rick Santorum,0.0,0.0
Iowa,IA,Franklin,Republican,Ted Cruz,225.0,0.35828025477707004
Iowa,IA,Franklin,Republican,Donald Trump,159.0,0.2531847133757962
Iowa,IA,Franklin,Republican,Marco Rubio,105.0,0.16719745222929935
Iowa,IA,Franklin,Republican,Ben Carson,62.0,0.09872611464968152
Iowa,IA,Franklin,Republican,Mike Huckabee,23.0,0.03662420382165605
Iowa,IA,Franklin,Republican,Rand Paul,23.0,0.03662420382165605
Iowa,IA,Franklin,Republican,Jeb Bush,18.0,0.028662420382165606
Iowa,IA,Franklin,Republican,Carly Fiorina,5.0,0.007961783439490446
Iowa,IA,Franklin,Republican,John Kasich,4.0,0.006369426751592357
Iowa,IA,Franklin,Republican,Rick Santorum,3.0,0.004777070063694267
Iowa,IA,Franklin,Republican,Chris Christie,1.0,0.0015923566878980893
Iowa,IA,Fremont,Republican,Donald Trump,182.0,0.4282352941176471
Iowa,IA,Fremont,Republican,Ted Cruz,87.0,0.2047058823529412
Iowa,IA,Fremont,Republican,Marco Rubio,77.0,0.1811764705882353
Iowa,IA,Fremont,Republican,Ben Carson,40.0,0.09411764705882353
Iowa,IA,Fremont,Republican,Rand Paul,11.0,0.025882352941176467
Iowa,IA,Fremont,Republican,Jeb Bush,10.0,0.023529411764705882
Iowa,IA,Fremont,Republican,John Kasich,6.0,0.014117647058823532
Iowa,IA,Fremont,Republican,Chris Christie,5.0,0.011764705882352941
Iowa,IA,Fremont,Republican,Rick Santorum,5.0,0.011764705882352941
Iowa,IA,Fremont,Republican,Mike Huckabee,2.0,0.004705882352941176
Iowa,IA,Fremont,Republican,Carly Fiorina,0.0,0.0
Iowa,IA,Greene,Republican,Donald Trump,164.0,0.30036630036630035
Iowa,IA,Greene,Republican,Ted Cruz,162.0,0.2967032967032967
Iowa,IA,Greene,Republican,Marco Rubio,77.0,0.14102564102564102
Iowa,IA,Greene,Republican,Ben Carson,62.0,0.11355311355311355
Iowa,IA,Greene,Republican,Jeb Bush,25.0,0.04578754578754578
Iowa,IA,Greene,Republican,Mike Huckabee,14.0,0.02564102564102564
Iowa,IA,Greene,Republican,Rand Paul,14.0,0.02564102564102564
Iowa,IA,Greene,Republican,Chris Christie,13.0,0.023809523809523808
Iowa,IA,Greene,Republican,Rick Santorum,7.0,0.01282051282051282
Iowa,IA,Greene,Republican,John Kasich,6.0,0.01098901098901099
Iowa,IA,Greene,Republican,Carly Fiorina,2.0,0.0036630036630036634
Iowa,IA,Grundy,Republican,Ted Cruz,272.0,0.2875264270613108
Iowa,IA,Grundy,Republican,Marco Rubio,261.0,0.2758985200845666
Iowa,IA,Grundy,Republican,Donald Trump,198.0,0.20930232558139536
Iowa,IA,Grundy,Republican,Ben Carson,73.0,0.07716701902748414
Iowa,IA,Grundy,Republican,Mike Huckabee,50.0,0.052854122621564484
Iowa,IA,Grundy,Republican,Rand Paul,32.0,0.03382663847780127
Iowa,IA,Grundy,Republican,Jeb Bush,26.0,0.02748414376321353
Iowa,IA,Grundy,Republican,Chris Christie,12.0,0.012684989429175477
Iowa,IA,Grundy,Republican,Carly Fiorina,10.0,0.010570824524312895
Iowa,IA,Grundy,Republican,Rick Santorum,8.0,0.008456659619450317
Iowa,IA,Grundy,Republican,John Kasich,4.0,0.00422832980972516
Iowa,IA,Guthrie,Republican,Ted Cruz,218.0,0.2891246684350133
Iowa,IA,Guthrie,Republican,Donald Trump,208.0,0.27586206896551724
Iowa,IA,Guthrie,Republican,Marco Rubio,118.0,0.15649867374005305
Iowa,IA,Guthrie,Republican,Ben Carson,107.0,0.1419098143236074
Iowa,IA,Guthrie,Republican,Rand Paul,28.0,0.037135278514588865
Iowa,IA,Guthrie,Republican,Mike Huckabee,23.0,0.03050397877984085
Iowa,IA,Guthrie,Republican,Carly Fiorina,18.0,0.02387267904509284
Iowa,IA,Guthrie,Republican,Jeb Bush,16.0,0.021220159151193636
Iowa,IA,Guthrie,Republican,Chris Christie,9.0,0.011936339522546418
Iowa,IA,Guthrie,Republican,Rick Santorum,7.0,0.009283819628647216
Iowa,IA,Guthrie,Republican,John Kasich,2.0,0.002652519893899204
Iowa,IA,Hamilton,Republican,Ted Cruz,277.0,0.2900523560209424
Iowa,IA,Hamilton,Republican,Donald Trump,269.0,0.2816753926701571
Iowa,IA,Hamilton,Republican,Marco Rubio,159.0,0.16649214659685865
Iowa,IA,Hamilton,Republican,Ben Carson,89.0,0.09319371727748693
Iowa,IA,Hamilton,Republican,Rand Paul,48.0,0.05026178010471205
Iowa,IA,Hamilton,Republican,Mike Huckabee,25.0,0.026178010471204192
Iowa,IA,Hamilton,Republican,Chris Christie,21.0,0.02198952879581152
Iowa,IA,Hamilton,Republican,John Kasich,20.0,0.020942408376963352
Iowa,IA,Hamilton,Republican,Rick Santorum,20.0,0.020942408376963352
Iowa,IA,Hamilton,Republican,Carly Fiorina,14.0,0.014659685863874347
Iowa,IA,Hamilton,Republican,Jeb Bush,13.0,0.013612565445026176
Iowa,IA,Hancock,Republican,Ted Cruz,385.0,0.4534746760895171
Iowa,IA,Hancock,Republican,Donald Trump,160.0,0.18845700824499406
Iowa,IA,Hancock,Republican,Marco Rubio,132.0,0.15547703180212016
Iowa,IA,Hancock,Republican,Ben Carson,71.0,0.08362779740871612
Iowa,IA,Hancock,Republican,Jeb Bush,22.0,0.02591283863368669
Iowa,IA,Hancock,Republican,Rand Paul,21.0,0.024734982332155483
Iowa,IA,Hancock,Republican,Carly Fiorina,19.0,0.02237926972909305
Iowa,IA,Hancock,Republican,Mike Huckabee,16.0,0.01884570082449941
Iowa,IA,Hancock,Republican,Rick Santorum,12.0,0.01413427561837456
Iowa,IA,Hancock,Republican,John Kasich,6.0,0.00706713780918728
Iowa,IA,Hancock,Republican,Chris Christie,5.0,0.005889281507656065
Iowa,IA,Hardin,Republican,Ted Cruz,417.0,0.32860520094562645
Iowa,IA,Hardin,Republican,Donald Trump,295.0,0.2324665090622537
Iowa,IA,Hardin,Republican,Marco Rubio,225.0,0.1773049645390071
Iowa,IA,Hardin,Republican,Ben Carson,138.0,0.10874704491725767
Iowa,IA,Hardin,Republican,Rand Paul,45.0,0.03546099290780142
Iowa,IA,Hardin,Republican,Chris Christie,33.0,0.026004728132387703
Iowa,IA,Hardin,Republican,Mike Huckabee,31.0,0.024428684003152092
Iowa,IA,Hardin,Republican,Rick Santorum,29.0,0.022852639873916468
Iowa,IA,Hardin,Republican,Carly Fiorina,25.0,0.019700551615445237
Iowa,IA,Hardin,Republican,Jeb Bush,19.0,0.014972419227738376
Iowa,IA,Hardin,Republican,John Kasich,12.0,0.009456264775413713
Iowa,IA,Harrison,Republican,Donald Trump,315.0,0.3091265947006869
Iowa,IA,Harrison,Republican,Ted Cruz,282.0,0.27674190382728164
Iowa,IA,Harrison,Republican,Ben Carson,221.0,0.2168792934249264
Iowa,IA,Harrison,Republican,Marco Rubio,112.0,0.1099116781157998
Iowa,IA,Harrison,Republican,Carly Fiorina,24.0,0.023552502453385672
Iowa,IA,Harrison,Republican,Chris Christie,17.0,0.016683022571148183
Iowa,IA,Harrison,Republican,Rand Paul,17.0,0.016683022571148183
Iowa,IA,Harrison,Republican,John Kasich,10.0,0.009813542688910696
Iowa,IA,Harrison,Republican,Mike Huckabee,10.0,0.009813542688910696
Iowa,IA,Harrison,Republican,Rick Santorum,6.0,0.005888125613346418
Iowa,IA,Harrison,Republican,Jeb Bush,5.0,0.0049067713444553495
Iowa,IA,Henry,Republican,Ted Cruz,379.0,0.3127062706270627
Iowa,IA,Henry,Republican,Donald Trump,273.0,0.22524752475247525
Iowa,IA,Henry,Republican,Marco Rubio,228.0,0.18811881188118806
Iowa,IA,Henry,Republican,Ben Carson,189.0,0.15594059405940594
Iowa,IA,Henry,Republican,Mike Huckabee,33.0,0.027227722772277228
Iowa,IA,Henry,Republican,Jeb Bush,31.0,0.025577557755775582
Iowa,IA,Henry,Republican,Rand Paul,30.0,0.024752475247524757
Iowa,IA,Henry,Republican,Carly Fiorina,18.0,0.01485148514851485
Iowa,IA,Henry,Republican,John Kasich,12.0,0.0099009900990099
Iowa,IA,Henry,Republican,Rick Santorum,12.0,0.0099009900990099
Iowa,IA,Henry,Republican,Chris Christie,7.0,0.005775577557755775
Iowa,IA,Howard,Republican,Donald Trump,112.0,0.3051771117166213
Iowa,IA,Howard,Republican,Ted Cruz,106.0,0.2888283378746594
Iowa,IA,Howard,Republican,Marco Rubio,89.0,0.2425068119891008
Iowa,IA,Howard,Republican,Ben Carson,26.0,0.07084468664850138
Iowa,IA,Howard,Republican,Jeb Bush,19.0,0.051771117166212535
Iowa,IA,Howard,Republican,Mike Huckabee,5.0,0.013623978201634877
Iowa,IA,Howard,Republican,Rand Paul,5.0,0.013623978201634877
Iowa,IA,Howard,Republican,Carly Fiorina,3.0,0.008174386920980926
Iowa,IA,Howard,Republican,Chris Christie,2.0,0.005449591280653951
Iowa,IA,Howard,Republican,John Kasich,0.0,0.0
Iowa,IA,Howard,Republican,Rick Santorum,0.0,0.0
Iowa,IA,Humboldt,Republican,Donald Trump,204.0,0.3371900826446281
Iowa,IA,Humboldt,Republican,Ted Cruz,168.0,0.27768595041322314
Iowa,IA,Humboldt,Republican,Marco Rubio,111.0,0.1834710743801653
Iowa,IA,Humboldt,Republican,Ben Carson,48.0,0.07933884297520663
Iowa,IA,Humboldt,Republican,Mike Huckabee,17.0,0.02809917355371901
Iowa,IA,Humboldt,Republican,Rand Paul,16.0,0.026446280991735537
Iowa,IA,Humboldt,Republican,Jeb Bush,14.0,0.023140495867768597
Iowa,IA,Humboldt,Republican,Chris Christie,9.0,0.014876033057851241
Iowa,IA,Humboldt,Republican,Rick Santorum,9.0,0.014876033057851241
Iowa,IA,Humboldt,Republican,Carly Fiorina,6.0,0.009917355371900829
Iowa,IA,Humboldt,Republican,John Kasich,3.0,0.004958677685950414
Iowa,IA,Ida,Republican,Donald Trump,136.0,0.25904761904761897
Iowa,IA,Ida,Republican,Marco Rubio,135.0,0.2571428571428571
Iowa,IA,Ida,Republican,Ted Cruz,135.0,0.2571428571428571
Iowa,IA,Ida,Republican,Ben Carson,43.0,0.08190476190476191
Iowa,IA,Ida,Republican,Carly Fiorina,32.0,0.06095238095238095
Iowa,IA,Ida,Republican,Rick Santorum,14.0,0.02666666666666667
Iowa,IA,Ida,Republican,Jeb Bush,8.0,0.015238095238095238
Iowa,IA,Ida,Republican,Mike Huckabee,8.0,0.015238095238095238
Iowa,IA,Ida,Republican,Rand Paul,7.0,0.013333333333333334
Iowa,IA,Ida,Republican,Chris Christie,4.0,0.007619047619047619
Iowa,IA,Ida,Republican,John Kasich,3.0,0.005714285714285714
Iowa,IA,Iowa,Republican,Ted Cruz,353.0,0.3417231364956437
Iowa,IA,Iowa,Republican,Donald Trump,249.0,0.2410454985479187
Iowa,IA,Iowa,Republican,Marco Rubio,163.0,0.15779283639883834
Iowa,IA,Iowa,Republican,Ben Carson,105.0,0.10164569215876088
Iowa,IA,Iowa,Republican,Rand Paul,56.0,0.054211035818005814
Iowa,IA,Iowa,Republican,Mike Huckabee,33.0,0.031945788964181994
Iowa,IA,Iowa,Republican,Carly Fiorina,25.0,0.02420135527589545
Iowa,IA,Iowa,Republican,John Kasich,14.0,0.013552758954501452
Iowa,IA,Iowa,Republican,Chris Christie,12.0,0.011616650532429816
Iowa,IA,Iowa,Republican,Rick Santorum,12.0,0.011616650532429816
Iowa,IA,Iowa,Republican,Jeb Bush,11.0,0.010648596321393998
Iowa,IA,Jackson,Republican,Donald Trump,306.0,0.3297413793103448
Iowa,IA,Jackson,Republican,Ted Cruz,265.0,0.2855603448275862
Iowa,IA,Jackson,Republican,Marco Rubio,169.0,0.18211206896551724
Iowa,IA,Jackson,Republican,Ben Carson,64.0,0.06896551724137931
Iowa,IA,Jackson,Republican,Rand Paul,34.0,0.03663793103448276
Iowa,IA,Jackson,Republican,Jeb Bush,26.0,0.028017241379310345
Iowa,IA,Jackson,Republican,Carly Fiorina,21.0,0.022629310344827583
Iowa,IA,Jackson,Republican,Chris Christie,18.0,0.01939655172413793
Iowa,IA,Jackson,Republican,John Kasich,11.0,0.011853448275862068
Iowa,IA,Jackson,Republican,Mike Huckabee,9.0,0.009698275862068966
Iowa,IA,Jackson,Republican,Rick Santorum,5.0,0.005387931034482759
Iowa,IA,Jasper,Republican,Ted Cruz,812.0,0.3495479982780887
Iowa,IA,Jasper,Republican,Donald Trump,583.0,0.2509685751183814
Iowa,IA,Jasper,Republican,Marco Rubio,417.0,0.17950925527335346
Iowa,IA,Jasper,Republican,Ben Carson,207.0,0.0891089108910891
Iowa,IA,Jasper,Republican,Rand Paul,100.0,0.04304778303917348
Iowa,IA,Jasper,Republican,Mike Huckabee,72.0,0.030994403788204908
Iowa,IA,Jasper,Republican,Jeb Bush,46.0,0.0198019801980198
Iowa,IA,Jasper,Republican,Carly Fiorina,31.0,0.01334481274214378
Iowa,IA,Jasper,Republican,Chris Christie,30.0,0.012914334911752043
Iowa,IA,Jasper,Republican,John Kasich,13.0,0.005596211795092553
Iowa,IA,Jasper,Republican,Rick Santorum,12.0,0.005165733964700818
Iowa,IA,Jefferson,Republican,Ted Cruz,270.0,0.31839622641509435
Iowa,IA,Jefferson,Republican,Donald Trump,223.0,0.26297169811320753
Iowa,IA,Jefferson,Republican,Marco Rubio,104.0,0.12264150943396225
Iowa,IA,Jefferson,Republican,Rand Paul,67.0,0.07900943396226415
Iowa,IA,Jefferson,Republican,Ben Carson,55.0,0.06485849056603774
Iowa,IA,Jefferson,Republican,Mike Huckabee,51.0,0.060141509433962265
Iowa,IA,Jefferson,Republican,John Kasich,25.0,0.0294811320754717
Iowa,IA,Jefferson,Republican,Rick Santorum,18.0,0.021226415094339618
Iowa,IA,Jefferson,Republican,Jeb Bush,17.0,0.020047169811320757
Iowa,IA,Jefferson,Republican,Carly Fiorina,11.0,0.012971698113207548
Iowa,IA,Jefferson,Republican,Chris Christie,7.0,0.008254716981132075
Iowa,IA,Johnson,Republican,Marco Rubio,2207.0,0.305551709815866
Iowa,IA,Johnson,Republican,Ted Cruz,1413.0,0.195625086529143
Iowa,IA,Johnson,Republican,Donald Trump,1394.0,0.19299460058147586
Iowa,IA,Johnson,Republican,Rand Paul,691.0,0.0956666205177904
Iowa,IA,Johnson,Republican,Ben Carson,531.0,0.07351515990585629
Iowa,IA,Johnson,Republican,John Kasich,284.0,0.03931884258618303
Iowa,IA,Johnson,Republican,Jeb Bush,229.0,0.03170427800083068
Iowa,IA,Johnson,Republican,Carly Fiorina,191.0,0.02644330610549633
Iowa,IA,Johnson,Republican,Chris Christie,171.0,0.023674373529004568
Iowa,IA,Johnson,Republican,Mike Huckabee,75.0,0.01038349716184411
Iowa,IA,Johnson,Republican,Rick Santorum,37.0,0.005122525266509761
Iowa,IA,Jones,Republican,Ted Cruz,363.0,0.35106382978723405
Iowa,IA,Jones,Republican,Donald Trump,258.0,0.2495164410058027
Iowa,IA,Jones,Republican,Marco Rubio,167.0,0.16150870406189555
Iowa,IA,Jones,Republican,Ben Carson,107.0,0.10348162475822052
Iowa,IA,Jones,Republican,Carly Fiorina,35.0,0.033849129593810444
Iowa,IA,Jones,Republican,Rand Paul,32.0,0.030947775628626693
Iowa,IA,Jones,Republican,Jeb Bush,25.0,0.0241779497098646
Iowa,IA,Jones,Republican,Rick Santorum,21.0,0.020309477756286262
Iowa,IA,Jones,Republican,Chris Christie,14.0,0.013539651837524178
Iowa,IA,Jones,Republican,John Kasich,6.0,0.005802707930367505
Iowa,IA,Jones,Republican,Mike Huckabee,6.0,0.005802707930367505
Iowa,IA,Keokuk,Republican,Donald Trump,220.0,0.3142857142857143
Iowa,IA,Keokuk,Republican,Ted Cruz,216.0,0.3085714285714285
Iowa,IA,Keokuk,Republican,Marco Rubio,116.0,0.1657142857142857
Iowa,IA,Keokuk,Republican,Ben Carson,63.0,0.09
Iowa,IA,Keokuk,Republican,Mike Huckabee,23.0,0.032857142857142856
Iowa,IA,Keokuk,Republican,Rand Paul,19.0,0.027142857142857142
Iowa,IA,Keokuk,Republican,Jeb Bush,13.0,0.01857142857142857
Iowa,IA,Keokuk,Republican,Carly Fiorina,11.0,0.015714285714285715
Iowa,IA,Keokuk,Republican,Rick Santorum,10.0,0.014285714285714284
Iowa,IA,Keokuk,Republican,John Kasich,5.0,0.0071428571428571435
Iowa,IA,Keokuk,Republican,Chris Christie,4.0,0.005714285714285714
Iowa,IA,Kossuth,Republican,Ted Cruz,285.0,0.3009503695881732
Iowa,IA,Kossuth,Republican,Donald Trump,224.0,0.2365364308342133
Iowa,IA,Kossuth,Republican,Marco Rubio,190.0,0.2006335797254488
Iowa,IA,Kossuth,Republican,Ben Carson,150.0,0.1583949313621964
Iowa,IA,Kossuth,Republican,Mike Huckabee,27.0,0.028511087645195356
Iowa,IA,Kossuth,Republican,Rand Paul,18.0,0.01900739176346357
Iowa,IA,Kossuth,Republican,John Kasich,15.0,0.01583949313621964
Iowa,IA,Kossuth,Republican,Jeb Bush,13.0,0.013727560718057022
Iowa,IA,Kossuth,Republican,Rick Santorum,12.0,0.012671594508975714
Iowa,IA,Kossuth,Republican,Chris Christie,9.0,0.009503695881731784
Iowa,IA,Kossuth,Republican,Carly Fiorina,4.0,0.004223864836325236
Iowa,IA,Lee,Republican,Donald Trump,409.0,0.3110266159695817
Iowa,IA,Lee,Republican,Ted Cruz,334.0,0.2539923954372624
Iowa,IA,Lee,Republican,Marco Rubio,249.0,0.1893536121673004
Iowa,IA,Lee,Republican,Ben Carson,157.0,0.1193916349809886
Iowa,IA,Lee,Republican,Carly Fiorina,51.0,0.03878326996197719
Iowa,IA,Lee,Republican,Rand Paul,36.0,0.02737642585551331
Iowa,IA,Lee,Republican,Mike Huckabee,26.0,0.019771863117870717
Iowa,IA,Lee,Republican,Jeb Bush,19.0,0.014448669201520912
Iowa,IA,Lee,Republican,John Kasich,16.0,0.012167300380228136
Iowa,IA,Lee,Republican,Chris Christie,12.0,0.009125475285171105
Iowa,IA,Lee,Republican,Rick Santorum,6.0,0.004562737642585552
Iowa,IA,Linn,Republican,Ted Cruz,3422.0,0.2945176004819692
Iowa,IA,Linn,Republican,Marco Rubio,2825.0,0.24313624236164905
Iowa,IA,Linn,Republican,Donald Trump,2344.0,0.2017385317152939
Iowa,IA,Linn,Republican,Ben Carson,1072.0,0.09226267320767707
Iowa,IA,Linn,Republican,Rand Paul,699.0,0.06016008262328944
Iowa,IA,Linn,Republican,Carly Fiorina,302.0,0.025991909802909028
Iowa,IA,Linn,Republican,Chris Christie,276.0,0.023754195713916862
Iowa,IA,Linn,Republican,Jeb Bush,262.0,0.02254927274292108
Iowa,IA,Linn,Republican,John Kasich,262.0,0.02254927274292108
Iowa,IA,Linn,Republican,Mike Huckabee,99.0,0.008520526723470178
Iowa,IA,Linn,Republican,Rick Santorum,56.0,0.0048196918839831316
Iowa,IA,Louisa,Republican,Donald Trump,261.0,0.3604972375690608
Iowa,IA,Louisa,Republican,Ted Cruz,257.0,0.3549723756906077
Iowa,IA,Louisa,Republican,Marco Rubio,76.0,0.10497237569060773
Iowa,IA,Louisa,Republican,Ben Carson,44.0,0.06077348066298342
Iowa,IA,Louisa,Republican,Mike Huckabee,31.0,0.04281767955801105
Iowa,IA,Louisa,Republican,Rand Paul,26.0,0.03591160220994475
Iowa,IA,Louisa,Republican,Jeb Bush,14.0,0.019337016574585638
Iowa,IA,Louisa,Republican,Carly Fiorina,5.0,0.006906077348066298
Iowa,IA,Louisa,Republican,John Kasich,5.0,0.006906077348066298
Iowa,IA,Louisa,Republican,Chris Christie,4.0,0.0055248618784530384
Iowa,IA,Louisa,Republican,Rick Santorum,1.0,0.0013812154696132596
Iowa,IA,Lucas,Republican,Ted Cruz,213.0,0.3622448979591837
Iowa,IA,Lucas,Republican,Donald Trump,159.0,0.2704081632653061
Iowa,IA,Lucas,Republican,Marco Rubio,79.0,0.13435374149659865
Iowa,IA,Lucas,Republican,Ben Carson,68.0,0.11564625850340135
Iowa,IA,Lucas,Republican,Rand Paul,24.0,0.040816326530612235
Iowa,IA,Lucas,Republican,Mike Huckabee,18.0,0.030612244897959183
Iowa,IA,Lucas,Republican,Jeb Bush,10.0,0.017006802721088437
Iowa,IA,Lucas,Republican,Carly Fiorina,9.0,0.015306122448979591
Iowa,IA,Lucas,Republican,Chris Christie,5.0,0.008503401360544218
Iowa,IA,Lucas,Republican,Rick Santorum,3.0,0.005102040816326529
Iowa,IA,Lucas,Republican,John Kasich,0.0,0.0
Iowa,IA,Lyon,Republican,Ted Cruz,432.0,0.3902439024390244
Iowa,IA,Lyon,Republican,Marco Rubio,229.0,0.2068654019873532
Iowa,IA,Lyon,Republican,Ben Carson,206.0,0.1860885275519422
Iowa,IA,Lyon,Republican,Donald Trump,173.0,0.15627822944896114
Iowa,IA,Lyon,Republican,Rick Santorum,20.0,0.018066847335140017
Iowa,IA,Lyon,Republican,Rand Paul,14.0,0.012646793134598013
Iowa,IA,Lyon,Republican,Jeb Bush,11.0,0.00993676603432701
Iowa,IA,Lyon,Republican,Carly Fiorina,10.0,0.009033423667570008
Iowa,IA,Lyon,Republican,John Kasich,6.0,0.0054200542005420045
Iowa,IA,Lyon,Republican,Chris Christie,3.0,0.002710027100271003
Iowa,IA,Lyon,Republican,Mike Huckabee,3.0,0.002710027100271003
Iowa,IA,Madison,Republican,Ted Cruz,452.0,0.33580980683506684
Iowa,IA,Madison,Republican,Donald Trump,373.0,0.2771173848439822
Iowa,IA,Madison,Republican,Marco Rubio,250.0,0.18573551263001487
Iowa,IA,Madison,Republican,Ben Carson,107.0,0.07949479940564635
Iowa,IA,Madison,Republican,Rand Paul,51.0,0.03789004457652303
Iowa,IA,Madison,Republican,Mike Huckabee,34.0,0.025260029717682018
Iowa,IA,Madison,Republican,Jeb Bush,22.0,0.01634472511144131
Iowa,IA,Madison,Republican,Carly Fiorina,21.0,0.015601783060921246
Iowa,IA,Madison,Republican,Chris Christie,18.0,0.013372956909361071
Iowa,IA,Madison,Republican,John Kasich,11.0,0.008172362555720654
Iowa,IA,Madison,Republican,Rick Santorum,7.0,0.005200594353640416
Iowa,IA,Mahaska,Republican,Ted Cruz,669.0,0.3415007656967841
Iowa,IA,Mahaska,Republican,Donald Trump,421.0,0.2149055640632976
Iowa,IA,Mahaska,Republican,Marco Rubio,368.0,0.18785094435936706
Iowa,IA,Mahaska,Republican,Ben Carson,209.0,0.1066870852475753
Iowa,IA,Mahaska,Republican,Rick Santorum,73.0,0.037263910158244005
Iowa,IA,Mahaska,Republican,Rand Paul,69.0,0.03522205206738132
Iowa,IA,Mahaska,Republican,Mike Huckabee,49.0,0.02501276161306789
Iowa,IA,Mahaska,Republican,Jeb Bush,40.0,0.02041858090862685
Iowa,IA,Mahaska,Republican,Carly Fiorina,37.0,0.01888718734047984
Iowa,IA,Mahaska,Republican,Chris Christie,16.0,0.00816743236345074
Iowa,IA,Mahaska,Republican,John Kasich,8.0,0.00408371618172537
Iowa,IA,Marion,Republican,Ted Cruz,1011.0,0.35201949860724235
Iowa,IA,Marion,Republican,Marco Rubio,606.0,0.21100278551532034
Iowa,IA,Marion,Republican,Donald Trump,539.0,0.1876740947075209
Iowa,IA,Marion,Republican,Ben Carson,272.0,0.0947075208913649
Iowa,IA,Marion,Republican,Rand Paul,123.0,0.04282729805013928
Iowa,IA,Marion,Republican,Jeb Bush,74.0,0.025766016713091918
Iowa,IA,Marion,Republican,Mike Huckabee,74.0,0.025766016713091918
Iowa,IA,Marion,Republican,Chris Christie,62.0,0.021587743732590533
Iowa,IA,Marion,Republican,Carly Fiorina,41.0,0.014275766016713091
Iowa,IA,Marion,Republican,Rick Santorum,40.0,0.013927576601671307
Iowa,IA,Marion,Republican,John Kasich,30.0,0.010445682451253482
Iowa,IA,Marshall,Republican,Ted Cruz,630.0,0.2710843373493976
Iowa,IA,Marshall,Republican,Donald Trump,608.0,0.26161790017211706
Iowa,IA,Marshall,Republican,Marco Rubio,502.0,0.21600688468158347
Iowa,IA,Marshall,Republican,Ben Carson,226.0,0.0972461273666093
Iowa,IA,Marshall,Republican,Rand Paul,75.0,0.032271944922547334
Iowa,IA,Marshall,Republican,Jeb Bush,61.0,0.026247848537005163
Iowa,IA,Marshall,Republican,Carly Fiorina,57.0,0.02452667814113597
Iowa,IA,Marshall,Republican,Rick Santorum,55.0,0.023666092943201374
Iowa,IA,Marshall,Republican,Mike Huckabee,50.0,0.021514629948364887
Iowa,IA,Marshall,Republican,John Kasich,33.0,0.014199655765920829
Iowa,IA,Marshall,Republican,Chris Christie,27.0,0.01161790017211704
Iowa,IA,Mills,Republican,Donald Trump,300.0,0.26761819803746656
Iowa,IA,Mills,Republican,Marco Rubio,265.0,0.23639607493309545
Iowa,IA,Mills,Republican,Ted Cruz,244.0,0.2176628010704728
Iowa,IA,Mills,Republican,Ben Carson,182.0,0.1623550401427297
Iowa,IA,Mills,Republican,Rand Paul,33.0,0.02943800178412132
Iowa,IA,Mills,Republican,Rick Santorum,31.0,0.027653880463871544
Iowa,IA,Mills,Republican,Carly Fiorina,23.0,0.02051739518287244
Iowa,IA,Mills,Republican,John Kasich,15.0,0.013380909901873328
Iowa,IA,Mills,Republican,Chris Christie,11.0,0.009812667261373774
Iowa,IA,Mills,Republican,Jeb Bush,10.0,0.008920606601248885
Iowa,IA,Mills,Republican,Mike Huckabee,7.0,0.0062444246208742185
Iowa,IA,Mitchell,Republican,Donald Trump,120.0,0.2547770700636943
Iowa,IA,Mitchell,Republican,Ted Cruz,114.0,0.2420382165605096
Iowa,IA,Mitchell,Republican,Ben Carson,61.0,0.12951167728237792
Iowa,IA,Mitchell,Republican,Marco Rubio,56.0,0.118895966029724
Iowa,IA,Mitchell,Republican,Carly Fiorina,55.0,0.1167728237791932
Iowa,IA,Mitchell,Republican,Rand Paul,34.0,0.07218683651804671
Iowa,IA,Mitchell,Republican,Mike Huckabee,11.0,0.02335456475583864
Iowa,IA,Mitchell,Republican,Jeb Bush,10.0,0.021231422505307854
Iowa,IA,Mitchell,Republican,Chris Christie,4.0,0.008492569002123142
Iowa,IA,Mitchell,Republican,John Kasich,3.0,0.006369426751592357
Iowa,IA,Mitchell,Republican,Rick Santorum,3.0,0.006369426751592357
Iowa,IA,Monona,Republican,Ted Cruz,185.0,0.361328125
Iowa,IA,Monona,Republican,Donald Trump,156.0,0.3046875
Iowa,IA,Monona,Republican,Marco Rubio,94.0,0.18359375
Iowa,IA,Monona,Republican,Ben Carson,41.0,0.080078125
Iowa,IA,Monona,Republican,Mike Huckabee,9.0,0.017578125
Iowa,IA,Monona,Republican,Chris Christie,8.0,0.015625
Iowa,IA,Monona,Republican,Rand Paul,8.0,0.015625
Iowa,IA,Monona,Republican,Carly Fiorina,6.0,0.01171875
Iowa,IA,Monona,Republican,Jeb Bush,2.0,0.00390625
Iowa,IA,Monona,Republican,Rick Santorum,2.0,0.00390625
Iowa,IA,Monona,Republican,John Kasich,1.0,0.001953125
Iowa,IA,Monroe,Republican,Ted Cruz,195.0,0.3604436229205176
Iowa,IA,Monroe,Republican,Donald Trump,170.0,0.3142329020332717
Iowa,IA,Monroe,Republican,Marco Rubio,97.0,0.17929759704251386
Iowa,IA,Monroe,Republican,Ben Carson,25.0,0.046210720887245836
Iowa,IA,Monroe,Republican,Rand Paul,23.0,0.04251386321626617
Iowa,IA,Monroe,Republican,Mike Huckabee,18.0,0.033271719038817
Iowa,IA,Monroe,Republican,Carly Fiorina,4.0,0.0073937153419593345
Iowa,IA,Monroe,Republican,John Kasich,4.0,0.0073937153419593345
Iowa,IA,Monroe,Republican,Jeb Bush,3.0,0.005545286506469501
Iowa,IA,Monroe,Republican,Chris Christie,2.0,0.0036968576709796672
Iowa,IA,Monroe,Republican,Rick Santorum,0.0,0.0
Iowa,IA,Montgomery,Republican,Ted Cruz,133.0,0.2329246935201401
Iowa,IA,Montgomery,Republican,Marco Rubio,124.0,0.2171628721541156
Iowa,IA,Montgomery,Republican,Donald Trump,118.0,0.20665499124343256
Iowa,IA,Montgomery,Republican,Ben Carson,85.0,0.148861646234676
Iowa,IA,Montgomery,Republican,Carly Fiorina,27.0,0.04728546409807356
Iowa,IA,Montgomery,Republican,Jeb Bush,27.0,0.04728546409807356
Iowa,IA,Montgomery,Republican,Rand Paul,26.0,0.04553415061295972
Iowa,IA,Montgomery,Republican,John Kasich,10.0,0.017513134851138354
Iowa,IA,Montgomery,Republican,Mike Huckabee,10.0,0.017513134851138354
Iowa,IA,Montgomery,Republican,Rick Santorum,6.0,0.010507880910683012
Iowa,IA,Montgomery,Republican,Chris Christie,5.0,0.008756567425569177
Iowa,IA,Muscatine,Republican,Donald Trump,720.0,0.2982601491300746
Iowa,IA,Muscatine,Republican,Marco Rubio,635.0,0.2630488815244408
Iowa,IA,Muscatine,Republican,Ted Cruz,576.0,0.23860811930405965
Iowa,IA,Muscatine,Republican,Rand Paul,131.0,0.054266777133388566
Iowa,IA,Muscatine,Republican,Ben Carson,110.0,0.0455675227837614
Iowa,IA,Muscatine,Republican,Jeb Bush,53.0,0.021955260977630488
Iowa,IA,Muscatine,Republican,Chris Christie,50.0,0.020712510356255175
Iowa,IA,Muscatine,Republican,John Kasich,45.0,0.018641259320629662
Iowa,IA,Muscatine,Republican,Carly Fiorina,43.0,0.017812758906379452
Iowa,IA,Muscatine,Republican,Mike Huckabee,39.0,0.01615575807787904
Iowa,IA,Muscatine,Republican,Rick Santorum,12.0,0.004971002485501243
Iowa,IA,O'Brien,Republican,Ted Cruz,347.0,0.2853618421052632
Iowa,IA,O'Brien,Republican,Marco Rubio,281.0,0.23108552631578946
Iowa,IA,O'Brien,Republican,Donald Trump,256.0,0.21052631578947367
Iowa,IA,O'Brien,Republican,Ben Carson,220.0,0.18092105263157893
Iowa,IA,O'Brien,Republican,Mike Huckabee,45.0,0.03700657894736842
Iowa,IA,O'Brien,Republican,Rand Paul,19.0,0.015625
Iowa,IA,O'Brien,Republican,Jeb Bush,17.0,0.013980263157894735
Iowa,IA,O'Brien,Republican,Carly Fiorina,10.0,0.008223684210526315
Iowa,IA,O'Brien,Republican,Rick Santorum,9.0,0.007401315789473685
Iowa,IA,O'Brien,Republican,Chris Christie,6.0,0.004934210526315789
Iowa,IA,O'Brien,Republican,John Kasich,6.0,0.004934210526315789
Iowa,IA,Osceola,Republican,Ted Cruz,113.0,0.345565749235474
Iowa,IA,Osceola,Republican,Donald Trump,78.0,0.23853211009174316
Iowa,IA,Osceola,Republican,Marco Rubio,56.0,0.1712538226299694
Iowa,IA,Osceola,Republican,Ben Carson,42.0,0.12844036697247707
Iowa,IA,Osceola,Republican,Jeb Bush,13.0,0.03975535168195719
Iowa,IA,Osceola,Republican,Rand Paul,8.0,0.024464831804281342
Iowa,IA,Osceola,Republican,Carly Fiorina,7.0,0.021406727828746176
Iowa,IA,Osceola,Republican,Chris Christie,3.0,0.009174311926605505
Iowa,IA,Osceola,Republican,Mike Huckabee,3.0,0.009174311926605505
Iowa,IA,Osceola,Republican,Rick Santorum,3.0,0.009174311926605505
Iowa,IA,Osceola,Republican,John Kasich,1.0,0.003058103975535168
Iowa,IA,Page,Republican,Ted Cruz,249.0,0.2855504587155963
Iowa,IA,Page,Republican,Donald Trump,232.0,0.26605504587155965
Iowa,IA,Page,Republican,Ben Carson,157.0,0.18004587155963306
Iowa,IA,Page,Republican,Marco Rubio,156.0,0.17889908256880735
Iowa,IA,Page,Republican,Jeb Bush,25.0,0.028669724770642207
Iowa,IA,Page,Republican,Rand Paul,13.0,0.014908256880733948
Iowa,IA,Page,Republican,John Kasich,12.0,0.013761467889908258
Iowa,IA,Page,Republican,Mike Huckabee,9.0,0.010321100917431191
Iowa,IA,Page,Republican,Carly Fiorina,8.0,0.009174311926605505
Iowa,IA,Page,Republican,Rick Santorum,7.0,0.008027522935779817
Iowa,IA,Page,Republican,Chris Christie,4.0,0.004587155963302753
Iowa,IA,Palo Alto,Republican,Donald Trump,117.0,0.2708333333333333
Iowa,IA,Palo Alto,Republican,Ted Cruz,110.0,0.25462962962962965
Iowa,IA,Palo Alto,Republican,Marco Rubio,94.0,0.2175925925925926
Iowa,IA,Palo Alto,Republican,Ben Carson,40.0,0.0925925925925926
Iowa,IA,Palo Alto,Republican,Mike Huckabee,17.0,0.03935185185185185
Iowa,IA,Palo Alto,Republican,Rand Paul,15.0,0.034722222222222224
Iowa,IA,Palo Alto,Republican,Jeb Bush,14.0,0.032407407407407406
Iowa,IA,Palo Alto,Republican,Carly Fiorina,9.0,0.02083333333333333
Iowa,IA,Palo Alto,Republican,Chris Christie,6.0,0.013888888888888888
Iowa,IA,Palo Alto,Republican,John Kasich,5.0,0.011574074074074072
Iowa,IA,Palo Alto,Republican,Rick Santorum,5.0,0.011574074074074072
Iowa,IA,Plymouth,Republican,Donald Trump,618.0,0.32767762460233296
Iowa,IA,Plymouth,Republican,Ted Cruz,530.0,0.2810180275715801
Iowa,IA,Plymouth,Republican,Marco Rubio,373.0,0.1977730646871686
Iowa,IA,Plymouth,Republican,Ben Carson,195.0,0.1033934252386002
Iowa,IA,Plymouth,Republican,Jeb Bush,44.0,0.02332979851537646
Iowa,IA,Plymouth,Republican,Rand Paul,34.0,0.018027571580063628
Iowa,IA,Plymouth,Republican,Chris Christie,25.0,0.01325556733828208
Iowa,IA,Plymouth,Republican,John Kasich,22.0,0.01166489925768823
Iowa,IA,Plymouth,Republican,Carly Fiorina,19.0,0.01007423117709438
Iowa,IA,Plymouth,Republican,Mike Huckabee,14.0,0.007423117709437964
Iowa,IA,Plymouth,Republican,Rick Santorum,12.0,0.006362672322375398
Iowa,IA,Pocahontas,Republican,Ted Cruz,187.0,0.38716356107660455
Iowa,IA,Pocahontas,Republican,Donald Trump,110.0,0.2277432712215321
Iowa,IA,Pocahontas,Republican,Ben Carson,70.0,0.14492753623188406
Iowa,IA,Pocahontas,Republican,Marco Rubio,65.0,0.13457556935817805
Iowa,IA,Pocahontas,Republican,Mike Huckabee,16.0,0.033126293995859216
Iowa,IA,Pocahontas,Republican,Rand Paul,13.0,0.02691511387163561
Iowa,IA,Pocahontas,Republican,Jeb Bush,9.0,0.018633540372670808
Iowa,IA,Pocahontas,Republican,Carly Fiorina,5.0,0.010351966873706004
Iowa,IA,Pocahontas,Republican,Chris Christie,5.0,0.010351966873706004
Iowa,IA,Pocahontas,Republican,John Kasich,2.0,0.004140786749482402
Iowa,IA,Pocahontas,Republican,Rick Santorum,1.0,0.002070393374741201
Iowa,IA,Polk,Republican,Marco Rubio,8365.0,0.2692741026879125
Iowa,IA,Polk,Republican,Ted Cruz,7864.0,0.2531466280379849
Iowa,IA,Polk,Republican,Donald Trump,6764.0,0.217737003058104
Iowa,IA,Polk,Republican,Ben Carson,2297.0,0.07394173507162402
Iowa,IA,Polk,Republican,Rand Paul,1633.0,0.05256719781104136
Iowa,IA,Polk,Republican,Jeb Bush,1405.0,0.045227748269756965
Iowa,IA,Polk,Republican,John Kasich,773.0,0.02488330919040721
Iowa,IA,Polk,Republican,Chris Christie,745.0,0.023981973281828425
Iowa,IA,Polk,Republican,Mike Huckabee,565.0,0.01818767101239337
Iowa,IA,Polk,Republican,Carly Fiorina,420.0,0.013520038628681796
Iowa,IA,Polk,Republican,Rick Santorum,234.0,0.007532592950265572
Iowa,IA,Pottawattamie,Republican,Donald Trump,1508.0,0.34515907530327306
Iowa,IA,Pottawattamie,Republican,Ted Cruz,942.0,0.21560997940032045
Iowa,IA,Pottawattamie,Republican,Marco Rubio,750.0,0.17166399633783475
Iowa,IA,Pottawattamie,Republican,Ben Carson,543.0,0.12428473334859234
Iowa,IA,Pottawattamie,Republican,Rand Paul,156.0,0.035706111238269625
Iowa,IA,Pottawattamie,Republican,John Kasich,127.0,0.02906843671320668
Iowa,IA,Pottawattamie,Republican,Rick Santorum,115.0,0.026321812771801328
Iowa,IA,Pottawattamie,Republican,Carly Fiorina,80.0,0.01831082627603571
Iowa,IA,Pottawattamie,Republican,Jeb Bush,70.0,0.01602197299153124
Iowa,IA,Pottawattamie,Republican,Chris Christie,53.0,0.012130922407873656
Iowa,IA,Pottawattamie,Republican,Mike Huckabee,25.0,0.005722133211261158
Iowa,IA,Poweshiek,Republican,Ted Cruz,282.0,0.28687690742624616
Iowa,IA,Poweshiek,Republican,Donald Trump,258.0,0.2624618514750763
Iowa,IA,Poweshiek,Republican,Marco Rubio,183.0,0.1861648016276704
Iowa,IA,Poweshiek,Republican,Ben Carson,76.0,0.07731434384537131
Iowa,IA,Poweshiek,Republican,Rand Paul,63.0,0.06408952187182096
Iowa,IA,Poweshiek,Republican,Jeb Bush,38.0,0.03865717192268565
Iowa,IA,Poweshiek,Republican,Mike Huckabee,30.0,0.030518819938962362
Iowa,IA,Poweshiek,Republican,John Kasich,18.0,0.018311291963377416
Iowa,IA,Poweshiek,Republican,Carly Fiorina,14.0,0.014242115971515769
Iowa,IA,Poweshiek,Republican,Chris Christie,14.0,0.014242115971515769
Iowa,IA,Poweshiek,Republican,Rick Santorum,7.0,0.007121057985757884
Iowa,IA,Ringgold,Republican,Donald Trump,106.0,0.3202416918429003
Iowa,IA,Ringgold,Republican,Ted Cruz,84.0,0.2537764350453172
Iowa,IA,Ringgold,Republican,Ben Carson,52.0,0.15709969788519634
Iowa,IA,Ringgold,Republican,Marco Rubio,50.0,0.1510574018126888
Iowa,IA,Ringgold,Republican,Jeb Bush,16.0,0.048338368580060416
Iowa,IA,Ringgold,Republican,Mike Huckabee,14.0,0.04229607250755287
Iowa,IA,Ringgold,Republican,Carly Fiorina,3.0,0.00906344410876133
Iowa,IA,Ringgold,Republican,Chris Christie,3.0,0.00906344410876133
Iowa,IA,Ringgold,Republican,Rand Paul,2.0,0.006042296072507553
Iowa,IA,Ringgold,Republican,Rick Santorum,1.0,0.0030211480362537764
Iowa,IA,Ringgold,Republican,John Kasich,0.0,0.0
Iowa,IA,Sac,Republican,Donald Trump,212.0,0.31689088191330345
Iowa,IA,Sac,Republican,Ted Cruz,187.0,0.2795216741405082
Iowa,IA,Sac,Republican,Marco Rubio,81.0,0.1210762331838565
Iowa,IA,Sac,Republican,Ben Carson,61.0,0.09118086696562032
Iowa,IA,Sac,Republican,Rick Santorum,49.0,0.07324364723467862
Iowa,IA,Sac,Republican,Jeb Bush,19.0,0.02840059790732436
Iowa,IA,Sac,Republican,Mike Huckabee,18.0,0.02690582959641256
Iowa,IA,Sac,Republican,Rand Paul,17.0,0.025411061285500747
Iowa,IA,Sac,Republican,Carly Fiorina,12.0,0.017937219730941704
Iowa,IA,Sac,Republican,John Kasich,7.0,0.010463378176382659
Iowa,IA,Sac,Republican,Chris Christie,6.0,0.008968609865470852
Iowa,IA,Scott,Republican,Marco Rubio,2553.0,0.2619536219987687
Iowa,IA,Scott,Republican,Donald Trump,2465.0,0.25292427662630823
Iowa,IA,Scott,Republican,Ted Cruz,2396.0,0.2458444490047199
Iowa,IA,Scott,Republican,Ben Carson,532.0,0.05458649702442028
Iowa,IA,Scott,Republican,Rand Paul,486.0,0.04986661194336138
Iowa,IA,Scott,Republican,John Kasich,436.0,0.04473630207264519
Iowa,IA,Scott,Republican,Jeb Bush,353.0,0.03621998768725631
Iowa,IA,Scott,Republican,Carly Fiorina,219.0,0.02247075723373692
Iowa,IA,Scott,Republican,Chris Christie,178.0,0.01826390313974964
Iowa,IA,Scott,Republican,Mike Huckabee,78.0,0.008003283398317258
Iowa,IA,Scott,Republican,Rick Santorum,50.0,0.0051303098707161906
Iowa,IA,Shelby,Republican,Ted Cruz,207.0,0.2778523489932886
Iowa,IA,Shelby,Republican,Donald Trump,203.0,0.27248322147651005
Iowa,IA,Shelby,Republican,Marco Rubio,129.0,0.17315436241610738
Iowa,IA,Shelby,Republican,Ben Carson,109.0,0.14630872483221474
Iowa,IA,Shelby,Republican,Rand Paul,23.0,0.030872483221476513
Iowa,IA,Shelby,Republican,Carly Fiorina,22.0,0.029530201342281882
Iowa,IA,Shelby,Republican,Mike Huckabee,18.0,0.024161073825503355
Iowa,IA,Shelby,Republican,Chris Christie,10.0,0.013422818791946308
Iowa,IA,Shelby,Republican,Jeb Bush,9.0,0.012080536912751677
Iowa,IA,Shelby,Republican,John Kasich,9.0,0.012080536912751677
Iowa,IA,Shelby,Republican,Rick Santorum,6.0,0.008053691275167786
Iowa,IA,Sioux,Republican,Ted Cruz,1524.0,0.3317370483239007
Iowa,IA,Sioux,Republican,Marco Rubio,1469.0,0.3197649107531563
Iowa,IA,Sioux,Republican,Ben Carson,686.0,0.14932520679146713
Iowa,IA,Sioux,Republican,Donald Trump,502.0,0.10927296473661298
Iowa,IA,Sioux,Republican,Rand Paul,117.0,0.025468001741401833
Iowa,IA,Sioux,Republican,Rick Santorum,77.0,0.016760992599042228
Iowa,IA,Sioux,Republican,Jeb Bush,76.0,0.01654331737048324
Iowa,IA,Sioux,Republican,John Kasich,45.0,0.00979538528515455
Iowa,IA,Sioux,Republican,Carly Fiorina,39.0,0.00848933391380061
Iowa,IA,Sioux,Republican,Mike Huckabee,35.0,0.007618632999564648
Iowa,IA,Sioux,Republican,Chris Christie,24.0,0.0052242054854157605
Iowa,IA,Story,Republican,Marco Rubio,2415.0,0.3209302325581395
Iowa,IA,Story,Republican,Ted Cruz,1815.0,0.2411960132890365
Iowa,IA,Story,Republican,Donald Trump,1152.0,0.15308970099667776
Iowa,IA,Story,Republican,Ben Carson,641.0,0.0851827242524917
Iowa,IA,Story,Republican,Rand Paul,629.0,0.08358803986710964
Iowa,IA,Story,Republican,Jeb Bush,212.0,0.028172757475083056
Iowa,IA,Story,Republican,John Kasich,193.0,0.025647840531561463
Iowa,IA,Story,Republican,Chris Christie,166.0,0.022059800664451828
Iowa,IA,Story,Republican,Mike Huckabee,123.0,0.01634551495016611
Iowa,IA,Story,Republican,Carly Fiorina,117.0,0.015548172757475085
Iowa,IA,Story,Republican,Rick Santorum,62.0,0.00823920265780731
Iowa,IA,Tama,Republican,Donald Trump,350.0,0.3560528992878942
Iowa,IA,Tama,Republican,Ted Cruz,307.0,0.3123092573753815
Iowa,IA,Tama,Republican,Marco Rubio,123.0,0.12512716174974567
Iowa,IA,Tama,Republican,Ben Carson,83.0,0.0844354018311292
Iowa,IA,Tama,Republican,Mike Huckabee,33.0,0.0335707019328586
Iowa,IA,Tama,Republican,Rand Paul,27.0,0.027466937945066126
Iowa,IA,Tama,Republican,Chris Christie,16.0,0.01627670396744659
Iowa,IA,Tama,Republican,Jeb Bush,12.0,0.012207527975584944
Iowa,IA,Tama,Republican,John Kasich,12.0,0.012207527975584944
Iowa,IA,Tama,Republican,Carly Fiorina,10.0,0.01017293997965412
Iowa,IA,Tama,Republican,Rick Santorum,10.0,0.01017293997965412
Iowa,IA,Taylor,Republican,Donald Trump,140.0,0.3703703703703704
Iowa,IA,Taylor,Republican,Ted Cruz,74.0,0.19576719576719576
Iowa,IA,Taylor,Republican,Ben Carson,63.0,0.16666666666666666
Iowa,IA,Taylor,Republican,Marco Rubio,52.0,0.13756613756613756
Iowa,IA,Taylor,Republican,Jeb Bush,10.0,0.026455026455026454
Iowa,IA,Taylor,Republican,Rand Paul,10.0,0.026455026455026454
Iowa,IA,Taylor,Republican,Mike Huckabee,9.0,0.023809523809523808
Iowa,IA,Taylor,Republican,Carly Fiorina,6.0,0.015873015873015872
Iowa,IA,Taylor,Republican,John Kasich,6.0,0.015873015873015872
Iowa,IA,Taylor,Republican,Chris Christie,5.0,0.013227513227513229
Iowa,IA,Taylor,Republican,Rick Santorum,3.0,0.007936507936507936
Iowa,IA,Union,Republican,Ted Cruz,203.0,0.2891737891737892
Iowa,IA,Union,Republican,Donald Trump,194.0,0.27635327635327633
Iowa,IA,Union,Republican,Marco Rubio,135.0,0.19230769230769232
Iowa,IA,Union,Republican,Ben Carson,87.0,0.12393162393162395
Iowa,IA,Union,Republican,Mike Huckabee,28.0,0.039886039886039885
Iowa,IA,Union,Republican,Carly Fiorina,16.0,0.022792022792022797
Iowa,IA,Union,Republican,Jeb Bush,12.0,0.017094017094017096
Iowa,IA,Union,Republican,Rand Paul,10.0,0.014245014245014244
Iowa,IA,Union,Republican,John Kasich,7.0,0.009971509971509971
Iowa,IA,Union,Republican,Rick Santorum,7.0,0.009971509971509971
Iowa,IA,Union,Republican,Chris Christie,3.0,0.004273504273504274
Iowa,IA,Van Buren,Republican,Ted Cruz,196.0,0.3691148775894539
Iowa,IA,Van Buren,Republican,Donald Trump,151.0,0.2843691148775895
Iowa,IA,Van Buren,Republican,Marco Rubio,63.0,0.11864406779661014
Iowa,IA,Van Buren,Republican,Ben Carson,56.0,0.10546139359698682
Iowa,IA,Van Buren,Republican,Mike Huckabee,51.0,0.09604519774011301
Iowa,IA,Van Buren,Republican,Rand Paul,7.0,0.013182674199623351
Iowa,IA,Van Buren,Republican,Chris Christie,3.0,0.005649717514124294
Iowa,IA,Van Buren,Republican,Jeb Bush,3.0,0.005649717514124294
Iowa,IA,Van Buren,Republican,John Kasich,1.0,0.0018832391713747645
Iowa,IA,Van Buren,Republican,Carly Fiorina,0.0,0.0
Iowa,IA,Van Buren,Republican,Rick Santorum,0.0,0.0
Iowa,IA,Wapello,Republican,Donald Trump,592.0,0.3547034152186938
Iowa,IA,Wapello,Republican,Ted Cruz,489.0,0.29298981426003595
Iowa,IA,Wapello,Republican,Marco Rubio,242.0,0.14499700419412825
Iowa,IA,Wapello,Republican,Ben Carson,127.0,0.07609346914319952
Iowa,IA,Wapello,Republican,Mike Huckabee,103.0,0.061713600958657876
Iowa,IA,Wapello,Republican,Rand Paul,50.0,0.029958058717795086
Iowa,IA,Wapello,Republican,Jeb Bush,24.0,0.014379868184541641
Iowa,IA,Wapello,Republican,Chris Christie,21.0,0.012582384661473937
Iowa,IA,Wapello,Republican,Carly Fiorina,10.0,0.005991611743559017
Iowa,IA,Wapello,Republican,John Kasich,9.0,0.005392450569203115
Iowa,IA,Wapello,Republican,Rick Santorum,2.0,0.0011983223487118035
Iowa,IA,Warren,Republican,Ted Cruz,1120.0,0.2941949041239821
Iowa,IA,Warren,Republican,Donald Trump,982.0,0.2579458891515629
Iowa,IA,Warren,Republican,Marco Rubio,784.0,0.2059364328867875
Iowa,IA,Warren,Republican,Ben Carson,374.0,0.09824008405568688
Iowa,IA,Warren,Republican,Rand Paul,197.0,0.05174678224323615
Iowa,IA,Warren,Republican,Jeb Bush,95.0,0.024954032046230628
Iowa,IA,Warren,Republican,Mike Huckabee,76.0,0.0199632256369845
Iowa,IA,Warren,Republican,Chris Christie,65.0,0.017073811400052534
Iowa,IA,Warren,Republican,John Kasich,44.0,0.01155765694772787
Iowa,IA,Warren,Republican,Carly Fiorina,37.0,0.00971893879695298
Iowa,IA,Warren,Republican,Rick Santorum,33.0,0.008668242710795903
Iowa,IA,Washington,Republican,Ted Cruz,542.0,0.35103626943005184
Iowa,IA,Washington,Republican,Donald Trump,329.0,0.21308290155440412
Iowa,IA,Washington,Republican,Marco Rubio,222.0,0.14378238341968913
Iowa,IA,Washington,Republican,Ben Carson,194.0,0.1256476683937824
Iowa,IA,Washington,Republican,Rand Paul,104.0,0.06735751295336788
Iowa,IA,Washington,Republican,Jeb Bush,63.0,0.04080310880829016
Iowa,IA,Washington,Republican,Carly Fiorina,30.0,0.019430051813471502
Iowa,IA,Washington,Republican,Mike Huckabee,23.0,0.01489637305699482
Iowa,IA,Washington,Republican,Rick Santorum,15.0,0.009715025906735751
Iowa,IA,Washington,Republican,John Kasich,13.0,0.008419689119170985
Iowa,IA,Washington,Republican,Chris Christie,9.0,0.005829015544041451
Iowa,IA,Wayne,Republican,Ted Cruz,171.0,0.4081145584725537
Iowa,IA,Wayne,Republican,Donald Trump,114.0,0.2720763723150358
Iowa,IA,Wayne,Republican,Marco Rubio,57.0,0.1360381861575179
Iowa,IA,Wayne,Republican,Ben Carson,36.0,0.08591885441527446
Iowa,IA,Wayne,Republican,Mike Huckabee,15.0,0.035799522673031034
Iowa,IA,Wayne,Republican,Jeb Bush,9.0,0.021479713603818614
Iowa,IA,Wayne,Republican,John Kasich,7.0,0.016706443914081142
Iowa,IA,Wayne,Republican,Carly Fiorina,5.0,0.011933174224343677
Iowa,IA,Wayne,Republican,Rand Paul,3.0,0.0071599045346062064
Iowa,IA,Wayne,Republican,Chris Christie,1.0,0.002386634844868735
Iowa,IA,Wayne,Republican,Rick Santorum,1.0,0.002386634844868735
Iowa,IA,Webster,Republican,Donald Trump,435.0,0.2734129478315525
Iowa,IA,Webster,Republican,Ted Cruz,432.0,0.2715273412947832
Iowa,IA,Webster,Republican,Marco Rubio,286.0,0.17976115650534255
Iowa,IA,Webster,Republican,Ben Carson,120.0,0.0754242614707731
Iowa,IA,Webster,Republican,Chris Christie,79.0,0.04965430546825896
Iowa,IA,Webster,Republican,Mike Huckabee,76.0,0.047768698931489634
Iowa,IA,Webster,Republican,Rand Paul,62.0,0.03896920175989944
Iowa,IA,Webster,Republican,Jeb Bush,44.0,0.02765556253928347
Iowa,IA,Webster,Republican,John Kasich,28.0,0.01759899434318039
Iowa,IA,Webster,Republican,Carly Fiorina,17.0,0.010685103708359522
Iowa,IA,Webster,Republican,Rick Santorum,12.0,0.007542426147077309
Iowa,IA,Winnebago,Republican,Ted Cruz,187.0,0.3030794165316045
Iowa,IA,Winnebago,Republican,Marco Rubio,128.0,0.20745542949756887
Iowa,IA,Winnebago,Republican,Donald Trump,115.0,0.18638573743922204
Iowa,IA,Winnebago,Republican,Ben Carson,91.0,0.14748784440842788
Iowa,IA,Winnebago,Republican,Mike Huckabee,27.0,0.04376012965964344
Iowa,IA,Winnebago,Republican,Jeb Bush,24.0,0.03889789303079417
Iowa,IA,Winnebago,Republican,Rand Paul,22.0,0.03565640194489465
Iowa,IA,Winnebago,Republican,Chris Christie,10.0,0.01620745542949757
Iowa,IA,Winnebago,Republican,Carly Fiorina,7.0,0.011345218800648298
Iowa,IA,Winnebago,Republican,Rick Santorum,4.0,0.006482982171799027
Iowa,IA,Winnebago,Republican,John Kasich,2.0,0.0032414910858995136
Iowa,IA,Winneshiek,Republican,Donald Trump,274.0,0.2629558541266795
Iowa,IA,Winneshiek,Republican,Ted Cruz,251.0,0.24088291746641075
Iowa,IA,Winneshiek,Republican,Marco Rubio,208.0,0.19961612284069094
Iowa,IA,Winneshiek,Republican,Ben Carson,151.0,0.14491362763915547
Iowa,IA,Winneshiek,Republican,Rand Paul,40.0,0.038387715930902115
Iowa,IA,Winneshiek,Republican,John Kasich,30.0,0.02879078694817658
Iowa,IA,Winneshiek,Republican,Carly Fiorina,27.0,0.02591170825335893
Iowa,IA,Winneshiek,Republican,Jeb Bush,26.0,0.024952015355086368
Iowa,IA,Winneshiek,Republican,Mike Huckabee,23.0,0.022072936660268716
Iowa,IA,Winneshiek,Republican,Chris Christie,9.0,0.008637236084452975
Iowa,IA,Winneshiek,Republican,Rick Santorum,3.0,0.0028790786948176585
Iowa,IA,Woodbury,Republican,Donald Trump,1600.0,0.3165182987141444
Iowa,IA,Woodbury,Republican,Ted Cruz,1367.0,0.27042532146389714
Iowa,IA,Woodbury,Republican,Marco Rubio,1065.0,0.2106824925816024
Iowa,IA,Woodbury,Republican,Ben Carson,394.0,0.07794263105835808
Iowa,IA,Woodbury,Republican,Rick Santorum,153.0,0.030267062314540055
Iowa,IA,Woodbury,Republican,Rand Paul,141.0,0.027893175074183974
Iowa,IA,Woodbury,Republican,Carly Fiorina,114.0,0.022551928783382788
Iowa,IA,Woodbury,Republican,Jeb Bush,85.0,0.016815034619188922
Iowa,IA,Woodbury,Republican,Chris Christie,69.0,0.013649851632047478
Iowa,IA,Woodbury,Republican,John Kasich,44.0,0.008704253214638972
Iowa,IA,Woodbury,Republican,Mike Huckabee,23.0,0.004549950544015826
Iowa,IA,Worth,Republican,Ted Cruz,115.0,0.30666666666666664
Iowa,IA,Worth,Republican,Donald Trump,113.0,0.3013333333333333
Iowa,IA,Worth,Republican,Marco Rubio,55.0,0.14666666666666667
Iowa,IA,Worth,Republican,Ben Carson,25.0,0.06666666666666668
Iowa,IA,Worth,Republican,Mike Huckabee,18.0,0.048
Iowa,IA,Worth,Republican,Rand Paul,14.0,0.037333333333333336
Iowa,IA,Worth,Republican,Carly Fiorina,11.0,0.029333333333333333
Iowa,IA,Worth,Republican,Jeb Bush,9.0,0.024
Iowa,IA,Worth,Republican,Chris Christie,6.0,0.016
Iowa,IA,Worth,Republican,John Kasich,5.0,0.013333333333333334
Iowa,IA,Worth,Republican,Rick Santorum,4.0,0.010666666666666666
Iowa,IA,Wright,Republican,Ted Cruz,190.0,0.33807829181494664
Iowa,IA,Wright,Republican,Donald Trump,129.0,0.2295373665480427
Iowa,IA,Wright,Republican,Marco Rubio,124.0,0.2206405693950178
Iowa,IA,Wright,Republican,Ben Carson,58.0,0.10320284697508897
Iowa,IA,Wright,Republican,Jeb Bush,16.0,0.028469750889679717
Iowa,IA,Wright,Republican,Mike Huckabee,15.0,0.02669039145907473
Iowa,IA,Wright,Republican,Chris Christie,10.0,0.017793594306049824
Iowa,IA,Wright,Republican,Rand Paul,7.0,0.012455516014234877
Iowa,IA,Wright,Republican,John Kasich,6.0,0.010676156583629894
Iowa,IA,Wright,Republican,Carly Fiorina,4.0,0.007117437722419929
Iowa,IA,Wright,Republican,Rick Santorum,3.0,0.005338078291814947
New Hampshire,NH,Belknap,Democrat,Bernie Sanders,5990.0,0.6318565400843882
New Hampshire,NH,Carroll,Democrat,Bernie Sanders,5655.0,0.6364659538548115
New Hampshire,NH,Cheshire,Democrat,Bernie Sanders,12471.0,0.7070930430345297
New Hampshire,NH,Coos,Democrat,Bernie Sanders,3637.0,0.6437168141592919
New Hampshire,NH,Grafton,Democrat,Bernie Sanders,14258.0,0.6733094068757084
New Hampshire,NH,Hillsborough,Democrat,Bernie Sanders,38646.0,0.5790096636452169
New Hampshire,NH,Merrimack,Democrat,Bernie Sanders,18076.0,0.5968631335644708
New Hampshire,NH,Rockingham,Democrat,Bernie Sanders,31080.0,0.5765271105010296
New Hampshire,NH,Strafford,Democrat,Bernie Sanders,15865.0,0.6431930592718722
New Hampshire,NH,Sullivan,Democrat,Bernie Sanders,5906.0,0.702844222301559
New Hampshire,NH,Belknap,Democrat,Hillary Clinton,3490.0,0.3681434599156118
New Hampshire,NH,Carroll,Democrat,Hillary Clinton,3230.0,0.3635340461451885
New Hampshire,NH,Cheshire,Democrat,Hillary Clinton,5166.0,0.2929069569654703
New Hampshire,NH,Coos,Democrat,Hillary Clinton,2013.0,0.35628318584070795
New Hampshire,NH,Grafton,Democrat,Hillary Clinton,6918.0,0.3266905931242917
New Hampshire,NH,Hillsborough,Democrat,Hillary Clinton,28099.0,0.4209903363547831
New Hampshire,NH,Merrimack,Democrat,Hillary Clinton,12209.0,0.4031368664355292
New Hampshire,NH,Rockingham,Democrat,Hillary Clinton,22829.0,0.4234728894989705
New Hampshire,NH,Strafford,Democrat,Hillary Clinton,8801.0,0.3568069407281278
New Hampshire,NH,Sullivan,Democrat,Hillary Clinton,2497.0,0.29715577769844104
New Hampshire,NH,Belknap,Republican,Ben Carson,390.0,0.025511872833126184
New Hampshire,NH,Carroll,Republican,Ben Carson,280.0,0.023125206475057808
New Hampshire,NH,Cheshire,Republican,Ben Carson,518.0,0.03933181473044799
New Hampshire,NH,Coos,Republican,Ben Carson,170.0,0.02981932994211542
New Hampshire,NH,Grafton,Republican,Ben Carson,470.0,0.029197987202584333
New Hampshire,NH,Hillsborough,Republican,Ben Carson,1725.0,0.021054301790531055
New Hampshire,NH,Merrimack,Republican,Ben Carson,753.0,0.02322138958275511
New Hampshire,NH,Rockingham,Republican,Ben Carson,1447.0,0.01983903917079123
New Hampshire,NH,Strafford,Republican,Ben Carson,527.0,0.024641137139383738
New Hampshire,NH,Sullivan,Republican,Ben Carson,229.0,0.028324056895485467
New Hampshire,NH,Belknap,Republican,Carly Fiorina,672.0,0.04395891934323281
New Hampshire,NH,Carroll,Republican,Carly Fiorina,442.0,0.03650479022134126
New Hampshire,NH,Cheshire,Republican,Carly Fiorina,565.0,0.04290053151100987
New Hampshire,NH,Coos,Republican,Carly Fiorina,275.0,0.04823715137695141
New Hampshire,NH,Grafton,Republican,Carly Fiorina,684.0,0.04249238988631422
New Hampshire,NH,Hillsborough,Republican,Carly Fiorina,3612.0,0.04408587714052068
New Hampshire,NH,Merrimack,Republican,Carly Fiorina,1511.0,0.04659697165941962
New Hampshire,NH,Rockingham,Republican,Carly Fiorina,2825.0,0.03873205643226346
New Hampshire,NH,Strafford,Republican,Carly Fiorina,825.0,0.038574835180249685
New Hampshire,NH,Sullivan,Republican,Carly Fiorina,295.0,0.03648732220160792
New Hampshire,NH,Belknap,Republican,Chris Christie,1001.0,0.06548047360502388
New Hampshire,NH,Carroll,Republican,Chris Christie,884.0,0.07300958044268252
New Hampshire,NH,Cheshire,Republican,Chris Christie,763.0,0.057934700075930136
New Hampshire,NH,Coos,Republican,Chris Christie,355.0,0.06226977723206455
New Hampshire,NH,Grafton,Republican,Chris Christie,1067.0,0.06628564328756911
New Hampshire,NH,Hillsborough,Republican,Chris Christie,7144.0,0.08719532289365442
New Hampshire,NH,Merrimack,Republican,Chris Christie,2377.0,0.07330311160452709
New Hampshire,NH,Rockingham,Republican,Chris Christie,5768.0,0.07908194743408695
New Hampshire,NH,Strafford,Republican,Chris Christie,1233.0,0.05765184457848225
New Hampshire,NH,Sullivan,Republican,Chris Christie,477.0,0.05899814471243042
New Hampshire,NH,Belknap,Republican,Donald Trump,5505.0,0.3601098972983581
New Hampshire,NH,Carroll,Republican,Donald Trump,4182.0,0.34539147670961345
New Hampshire,NH,Cheshire,Republican,Donald Trump,4543.0,0.3449506454062263
New Hampshire,NH,Coos,Republican,Donald Trump,2183.0,0.3829152780213997
New Hampshire,NH,Grafton,Republican,Donald Trump,4898.0,0.3042803006771448
New Hampshire,NH,Hillsborough,Republican,Donald Trump,28981.0,0.3537244754732641
New Hampshire,NH,Merrimack,Republican,Donald Trump,10966.0,0.3381749776420884
New Hampshire,NH,Rockingham,Republican,Donald Trump,28716.0,0.3937096398261513
New Hampshire,NH,Strafford,Republican,Donald Trump,7352.0,0.3437602281759948
New Hampshire,NH,Sullivan,Republican,Donald Trump,3080.0,0.3809523809523809
New Hampshire,NH,Belknap,Republican,Jeb Bush,1738.0,0.11369137175377772
New Hampshire,NH,Carroll,Republican,Jeb Bush,1241.0,0.10249421869838124
New Hampshire,NH,Cheshire,Republican,Jeb Bush,1501.0,0.11397114654517845
New Hampshire,NH,Coos,Republican,Jeb Bush,561.0,0.09840378880898087
New Hampshire,NH,Grafton,Republican,Jeb Bush,1864.0,0.11579797477790893
New Hampshire,NH,Hillsborough,Republican,Jeb Bush,9575.0,0.11686663167787527
New Hampshire,NH,Merrimack,Republican,Jeb Bush,3816.0,0.1176797113516514
New Hampshire,NH,Rockingham,Republican,Jeb Bush,7747.0,0.10621495263035223
New Hampshire,NH,Strafford,Republican,Jeb Bush,2443.0,0.11422826950951513
New Hampshire,NH,Sullivan,Republican,Jeb Bush,824.0,0.10191713048855906
New Hampshire,NH,Belknap,Republican,John Kasich,2460.0,0.1609210440243344
New Hampshire,NH,Carroll,Republican,John Kasich,2281.0,0.188387842748596
New Hampshire,NH,Cheshire,Republican,John Kasich,2178.0,0.165375854214123
New Hampshire,NH,Coos,Republican,John Kasich,942.0,0.1652341694439572
New Hampshire,NH,Grafton,Republican,John Kasich,3475.0,0.21587873516804373
New Hampshire,NH,Hillsborough,Republican,John Kasich,12504.0,0.1526162258485799
New Hampshire,NH,Merrimack,Republican,John Kasich,6172.0,0.19033521448175905
New Hampshire,NH,Rockingham,Republican,John Kasich,10370.0,0.14217749564692814
New Hampshire,NH,Strafford,Republican,John Kasich,3193.0,0.14929630149156028
New Hampshire,NH,Sullivan,Republican,John Kasich,1334.0,0.16499690785405072
New Hampshire,NH,Belknap,Republican,Marco Rubio,1504.0,0.098384248053902
New Hampshire,NH,Carroll,Republican,Marco Rubio,1433.0,0.11835150313842087
New Hampshire,NH,Cheshire,Republican,Marco Rubio,1237.0,0.09392558845861806
New Hampshire,NH,Coos,Republican,Marco Rubio,615.0,0.10787581126118223
New Hampshire,NH,Grafton,Republican,Marco Rubio,1923.0,0.11946325402248867
New Hampshire,NH,Hillsborough,Republican,Marco Rubio,8803.0,0.10744406878959124
New Hampshire,NH,Merrimack,Republican,Marco Rubio,3056.0,0.09424245227742313
New Hampshire,NH,Rockingham,Republican,Marco Rubio,8074.0,0.11069827385277706
New Hampshire,NH,Strafford,Republican,Marco Rubio,2492.0,0.11651938093234207
New Hampshire,NH,Sullivan,Republican,Marco Rubio,895.0,0.11069882498453927
New Hampshire,NH,Belknap,Republican,Ted Cruz,2017.0,0.1319421730882449
New Hampshire,NH,Carroll,Republican,Ted Cruz,1365.0,0.11273538156590684
New Hampshire,NH,Cheshire,Republican,Ted Cruz,1865.0,0.1416097190584662
New Hampshire,NH,Coos,Republican,Ted Cruz,600.0,0.10524469391334854
New Hampshire,NH,Grafton,Republican,Ted Cruz,1716.0,0.1066037149779462
New Hampshire,NH,Hillsborough,Republican,Ted Cruz,9587.0,0.11701309638598333
New Hampshire,NH,Merrimack,Republican,Ted Cruz,3776.0,0.11644617140037625
New Hampshire,NH,Rockingham,Republican,Ted Cruz,7990.0,0.10954659500664958
New Hampshire,NH,Strafford,Republican,Ted Cruz,3322.0,0.15532800299247207
New Hampshire,NH,Sullivan,Republican,Ted Cruz,951.0,0.1176252319109462
